{
  "type": "FeatureCollection",
  "features": [
    {
      "type": "Feature",
      "properties": {
        "name": "Cambridge",
        "full_name": "Cambridge city",
        "gateway_city": false,
        "work_type": "Major City"
      },
      "geometry": {
        "type": "Polygon",
        "coordinates": [
          [
            [
              -71.16026699999999,
              42.386468
            ],
            [
              -71.159879,
              42.38655
            ],
            [
              -71.158923,
              42.386688
            ],
            [
              -71.158613,
              42.386725
            ],
            [
              -71.15838099999999,
              42.386776
            ],
            [
              -71.158234,
              42.386845
            ],
            [
              -71.15810499999999,
              42.386935
            ],
            [
              -71.157984,
              42.387043
            ],
            [
              -71.15787999999999,
              42.387184
            ],
            [
              -71.157758,
              42.387364999999996
            ],
            [
              -71.157688,
              42.387530999999996
            ],
            [
              -71.157636,
              42.387716
            ],
            [
              -71.157574,
              42.387991
            ],
            [
              -71.157442,
              42.388476
            ],
            [
              -71.157381,
              42.388732
            ],
            [
              -71.15734499999999,
              42.388943
            ],
            [
              -71.15717,
              42.389607999999996
            ],
            [
              -71.157091,
              42.389894999999996
            ],
            [
              -71.157055,
              42.390119
            ],
            [
              -71.157054,
              42.390253
            ],
            [
              -71.157071,
              42.390369
            ],
            [
              -71.157118,
              42.39056
            ],
            [
              -71.15725499999999,
              42.390948
            ],
            [
              -71.157265,
              42.390996
            ],
            [
              -71.157485,
              42.391732999999995
            ],
            [
              -71.15766099999999,
              42.392258
            ],
            [
              -71.157788,
              42.392674
            ],
            [
              -71.15790799999999,
              42.393101
            ],
            [
              -71.15796399999999,
              42.393288
            ],
            [
              -71.158084,
              42.393629
            ],
            [
              -71.158211,
              42.394026
            ],
            [
              -71.15834,
              42.394428999999995
            ],
            [
              -71.158374,
              42.394546
            ],
            [
              -71.15838699999999,
              42.394593
            ],
            [
              -71.15735699999999,
              42.395219999999995
            ],
            [
              -71.15714,
              42.395354999999995
            ],
            [
              -71.156825,
              42.39555
            ],
            [
              -71.156385,
              42.395823
            ],
            [
              -71.15630399999999,
              42.395852
            ],
            [
              -71.156222,
              42.395973
            ],
            [
              -71.15606199999999,
              42.396215
            ],
            [
              -71.15549299999999,
              42.396899
            ],
            [
              -71.155406,
              42.397003
            ],
            [
              -71.155136,
              42.397327999999995
            ],
            [
              -71.155011,
              42.397479
            ],
            [
              -71.15494,
              42.397563999999996
            ],
            [
              -71.154871,
              42.397648
            ],
            [
              -71.154712,
              42.397838
            ],
            [
              -71.153682,
              42.399074
            ],
            [
              -71.15230799999999,
              42.40074
            ],
            [
              -71.152273,
              42.400783
            ],
            [
              -71.152245,
              42.400816
            ],
            [
              -71.152185,
              42.400886
            ],
            [
              -71.15217799999999,
              42.400895999999996
            ],
            [
              -71.152057,
              42.401039999999995
            ],
            [
              -71.151969,
              42.401002999999996
            ],
            [
              -71.150316,
              42.400299
            ],
            [
              -71.149326,
              42.399873
            ],
            [
              -71.147847,
              42.399237
            ],
            [
              -71.146413,
              42.398621
            ],
            [
              -71.146068,
              42.398472999999996
            ],
            [
              -71.143659,
              42.397447
            ],
            [
              -71.143593,
              42.397411999999996
            ],
            [
              -71.143557,
              42.397428
            ],
            [
              -71.14349,
              42.397458
            ],
            [
              -71.143424,
              42.397489
            ],
            [
              -71.14340899999999,
              42.397495
            ],
            [
              -71.143114,
              42.397653
            ],
            [
              -71.143024,
              42.397718
            ],
            [
              -71.142803,
              42.397878
            ],
            [
              -71.142675,
              42.39797
            ],
            [
              -71.14265499999999,
              42.397984
            ],
            [
              -71.142527,
              42.398077
            ],
            [
              -71.14223299999999,
              42.398243
            ],
            [
              -71.142117,
              42.398316
            ],
            [
              -71.14205299999999,
              42.398361
            ],
            [
              -71.141984,
              42.39842
            ],
            [
              -71.141953,
              42.398447999999995
            ],
            [
              -71.14185499999999,
              42.398516
            ],
            [
              -71.14173199999999,
              42.398613999999995
            ],
            [
              -71.14162499999999,
              42.398705
            ],
            [
              -71.141527,
              42.398813
            ],
            [
              -71.141436,
              42.398959
            ],
            [
              -71.141344,
              42.399093
            ],
            [
              -71.141177,
              42.399274
            ],
            [
              -71.141042,
              42.399398999999995
            ],
            [
              -71.1409,
              42.399532
            ],
            [
              -71.14073499999999,
              42.399636
            ],
            [
              -71.140577,
              42.399727
            ],
            [
              -71.140372,
              42.399831
            ],
            [
              -71.140197,
              42.399905
            ],
            [
              -71.13994199999999,
              42.400002
            ],
            [
              -71.139713,
              42.400074
            ],
            [
              -71.139507,
              42.400115
            ],
            [
              -71.139417,
              42.400124999999996
            ],
            [
              -71.13935599999999,
              42.400141999999995
            ],
            [
              -71.13933399999999,
              42.400148
            ],
            [
              -71.138886,
              42.400211
            ],
            [
              -71.138168,
              42.400284
            ],
            [
              -71.13747099999999,
              42.400431
            ],
            [
              -71.136889,
              42.400663
            ],
            [
              -71.136391,
              42.400965
            ],
            [
              -71.13627699999999,
              42.401083
            ],
            [
              -71.136059,
              42.401308
            ],
            [
              -71.13584399999999,
              42.401562999999996
            ],
            [
              -71.135423,
              42.401986
            ],
            [
              -71.13492099999999,
              42.402561999999996
            ],
            [
              -71.134798,
              42.402806999999996
            ],
            [
              -71.134742,
              42.402918
            ],
            [
              -71.134579,
              42.403462
            ],
            [
              -71.13452699999999,
              42.404032
            ],
            [
              -71.134518,
              42.404125
            ],
            [
              -71.13451599999999,
              42.404143
            ],
            [
              -71.134515,
              42.404153
            ],
            [
              -71.134514,
              42.404167
            ],
            [
              -71.134455,
              42.404122
            ],
            [
              -71.134424,
              42.404095999999996
            ],
            [
              -71.134293,
              42.403998
            ],
            [
              -71.133808,
              42.403631999999995
            ],
            [
              -71.133628,
              42.403483
            ],
            [
              -71.133599,
              42.403459
            ],
            [
              -71.132519,
              42.402575999999996
            ],
            [
              -71.13159499999999,
              42.401821
            ],
            [
              -71.13130000000001,
              42.401579999999996
            ],
            [
              -71.131292,
              42.401568999999995
            ],
            [
              -71.130724,
              42.400922
            ],
            [
              -71.130246,
              42.400379
            ],
            [
              -71.12975,
              42.399812999999995
            ],
            [
              -71.129547,
              42.399584
            ],
            [
              -71.129055,
              42.399026
            ],
            [
              -71.12879,
              42.398723
            ],
            [
              -71.128265,
              42.398123999999996
            ],
            [
              -71.127719,
              42.397503
            ],
            [
              -71.127361,
              42.397096
            ],
            [
              -71.127239,
              42.396957
            ],
            [
              -71.126398,
              42.395987999999996
            ],
            [
              -71.12630899999999,
              42.395886
            ],
            [
              -71.126289,
              42.395862
            ],
            [
              -71.126261,
              42.39583
            ],
            [
              -71.125779,
              42.395274
            ],
            [
              -71.125432,
              42.394874
            ],
            [
              -71.12522299999999,
              42.394633
            ],
            [
              -71.124982,
              42.394355999999995
            ],
            [
              -71.12436799999999,
              42.393653
            ],
            [
              -71.124313,
              42.393584
            ],
            [
              -71.12373699999999,
              42.393056
            ],
            [
              -71.122987,
              42.392376999999996
            ],
            [
              -71.122838,
              42.392241999999996
            ],
            [
              -71.122173,
              42.392762999999995
            ],
            [
              -71.12097399999999,
              42.393705999999995
            ],
            [
              -71.12053999999999,
              42.393100000000004
            ],
            [
              -71.120272,
              42.392714
            ],
            [
              -71.12021399999999,
              42.392641
            ],
            [
              -71.11986,
              42.392298
            ],
            [
              -71.11911599999999,
              42.391552
            ],
            [
              -71.11882,
              42.391284
            ],
            [
              -71.118368,
              42.390885999999995
            ],
            [
              -71.118015,
              42.390527
            ],
            [
              -71.117085,
              42.389581
            ],
            [
              -71.117966,
              42.389126
            ],
            [
              -71.11800699999999,
              42.389103999999996
            ],
            [
              -71.117988,
              42.389078999999995
            ],
            [
              -71.117488,
              42.388436999999996
            ],
            [
              -71.117452,
              42.388386
            ],
            [
              -71.117808,
              42.388203999999995
            ],
            [
              -71.11815899999999,
              42.388025
            ],
            [
              -71.11819299999999,
              42.388009
            ],
            [
              -71.118098,
              42.387913999999995
            ],
            [
              -71.117815,
              42.387634
            ],
            [
              -71.11777599999999,
              42.387595
            ],
            [
              -71.11773699999999,
              42.387556
            ],
            [
              -71.117285,
              42.387108
            ],
            [
              -71.11686,
              42.386685
            ],
            [
              -71.116159,
              42.385843
            ],
            [
              -71.115684,
              42.385276999999995
            ],
            [
              -71.115584,
              42.385158
            ],
            [
              -71.11471399999999,
              42.384384999999995
            ],
            [
              -71.11406199999999,
              42.383821999999995
            ],
            [
              -71.113581,
              42.383401
            ],
            [
              -71.11326799999999,
              42.383131999999996
            ],
            [
              -71.112939,
              42.38285
            ],
            [
              -71.111656,
              42.381749
            ],
            [
              -71.111578,
              42.381786
            ],
            [
              -71.11123599999999,
              42.38173
            ],
            [
              -71.110643,
              42.38164
            ],
            [
              -71.10964899999999,
              42.380832999999996
            ],
            [
              -71.109088,
              42.380378
            ],
            [
              -71.108785,
              42.380131
            ],
            [
              -71.107855,
              42.379374
            ],
            [
              -71.108457,
              42.379112
            ],
            [
              -71.108014,
              42.378727999999995
            ],
            [
              -71.107635,
              42.3784
            ],
            [
              -71.107272,
              42.378087
            ],
            [
              -71.105943,
              42.376819
            ],
            [
              -71.105769,
              42.376653999999995
            ],
            [
              -71.105599,
              42.376494
            ],
            [
              -71.10542699999999,
              42.376332
            ],
            [
              -71.105156,
              42.376090999999995
            ],
            [
              -71.104996,
              42.375949999999996
            ],
            [
              -71.104702,
              42.375690999999996
            ],
            [
              -71.104173,
              42.375201
            ],
            [
              -71.103664,
              42.374763
            ],
            [
              -71.103172,
              42.374297
            ],
            [
              -71.10157,
              42.374334
            ],
            [
              -71.10036099999999,
              42.374359999999996
            ],
            [
              -71.099477,
              42.374386
            ],
            [
              -71.09893699999999,
              42.374398
            ],
            [
              -71.097639,
              42.374427
            ],
            [
              -71.09746299999999,
              42.374431
            ],
            [
              -71.097416,
              42.374427999999995
            ],
            [
              -71.09633699999999,
              42.374369
            ],
            [
              -71.09552,
              42.374325
            ],
            [
              -71.094749,
              42.374292
            ],
            [
              -71.093745,
              42.374251
            ],
            [
              -71.093143,
              42.37421
            ],
            [
              -71.092826,
              42.374185
            ],
            [
              -71.09146799999999,
              42.374078999999995
            ],
            [
              -71.090862,
              42.374032
            ],
            [
              -71.090311,
              42.373988999999995
            ],
            [
              -71.089783,
              42.373948
            ],
            [
              -71.08944199999999,
              42.373866
            ],
            [
              -71.088628,
              42.37367
            ],
            [
              -71.08791599999999,
              42.373498999999995
            ],
            [
              -71.087512,
              42.373402
            ],
            [
              -71.086985,
              42.373275
            ],
            [
              -71.086406,
              42.373135999999995
            ],
            [
              -71.086215,
              42.373090999999995
            ],
            [
              -71.086109,
              42.373064
            ],
            [
              -71.086088,
              42.373059
            ],
            [
              -71.085504,
              42.373967
            ],
            [
              -71.085443,
              42.374044999999995
            ],
            [
              -71.085312,
              42.373957
            ],
            [
              -71.085302,
              42.37394
            ],
            [
              -71.085172,
              42.373729
            ],
            [
              -71.08514199999999,
              42.37368
            ],
            [
              -71.08512999999999,
              42.373655
            ],
            [
              -71.085116,
              42.373630999999996
            ],
            [
              -71.0851,
              42.373608
            ],
            [
              -71.08508499999999,
              42.373588
            ],
            [
              -71.085065,
              42.373562
            ],
            [
              -71.085045,
              42.37354
            ],
            [
              -71.08502399999999,
              42.373518999999995
            ],
            [
              -71.08500099999999,
              42.373498999999995
            ],
            [
              -71.084977,
              42.373478999999996
            ],
            [
              -71.084952,
              42.37346
            ],
            [
              -71.084926,
              42.373442
            ],
            [
              -71.084899,
              42.373425
            ],
            [
              -71.08487099999999,
              42.373408999999995
            ],
            [
              -71.084842,
              42.373394
            ],
            [
              -71.084812,
              42.37338
            ],
            [
              -71.08478,
              42.373366999999995
            ],
            [
              -71.084747,
              42.373355
            ],
            [
              -71.084713,
              42.373343999999996
            ],
            [
              -71.084679,
              42.373334
            ],
            [
              -71.08464699999999,
              42.373326
            ],
            [
              -71.084614,
              42.373318999999995
            ],
            [
              -71.084581,
              42.373312999999996
            ],
            [
              -71.084547,
              42.373309
            ],
            [
              -71.084513,
              42.373304999999995
            ],
            [
              -71.08448,
              42.373303
            ],
            [
              -71.084445,
              42.373301
            ],
            [
              -71.084411,
              42.373301
            ],
            [
              -71.084377,
              42.373301999999995
            ],
            [
              -71.08434299999999,
              42.373304
            ],
            [
              -71.08431,
              42.373307
            ],
            [
              -71.08424699999999,
              42.373315999999996
            ],
            [
              -71.084122,
              42.373332
            ],
            [
              -71.084074,
              42.373338
            ],
            [
              -71.083866,
              42.373366
            ],
            [
              -71.083759,
              42.373371
            ],
            [
              -71.083612,
              42.373377
            ],
            [
              -71.083274,
              42.373362
            ],
            [
              -71.083191,
              42.373357999999996
            ],
            [
              -71.083013,
              42.373349999999995
            ],
            [
              -71.082781,
              42.373366
            ],
            [
              -71.08269899999999,
              42.373371
            ],
            [
              -71.08259799999999,
              42.373382
            ],
            [
              -71.082501,
              42.373397
            ],
            [
              -71.082414,
              42.37341
            ],
            [
              -71.082247,
              42.373453999999995
            ],
            [
              -71.082185,
              42.373476
            ],
            [
              -71.08200099999999,
              42.373554999999996
            ],
            [
              -71.081963,
              42.373616
            ],
            [
              -71.081941,
              42.373653
            ],
            [
              -71.081892,
              42.373728
            ],
            [
              -71.081833,
              42.373824
            ],
            [
              -71.081814,
              42.373847
            ],
            [
              -71.081792,
              42.373869
            ],
            [
              -71.081768,
              42.373889999999996
            ],
            [
              -71.081743,
              42.373909999999995
            ],
            [
              -71.081715,
              42.373928
            ],
            [
              -71.08168599999999,
              42.373945
            ],
            [
              -71.081656,
              42.373961
            ],
            [
              -71.08162399999999,
              42.373974
            ],
            [
              -71.081591,
              42.373985999999995
            ],
            [
              -71.08155599999999,
              42.373996
            ],
            [
              -71.081521,
              42.374005
            ],
            [
              -71.081485,
              42.374010999999996
            ],
            [
              -71.081464,
              42.374013999999995
            ],
            [
              -71.08141499999999,
              42.374018
            ],
            [
              -71.081389,
              42.374019
            ],
            [
              -71.08135399999999,
              42.374024
            ],
            [
              -71.08134,
              42.374026
            ],
            [
              -71.081319,
              42.37403
            ],
            [
              -71.081284,
              42.374036
            ],
            [
              -71.081249,
              42.374043
            ],
            [
              -71.081215,
              42.374052
            ],
            [
              -71.081197,
              42.374055999999996
            ],
            [
              -71.08112899999999,
              42.374052
            ],
            [
              -71.080984,
              42.374043
            ],
            [
              -71.080904,
              42.374038
            ],
            [
              -71.080765,
              42.374030999999995
            ],
            [
              -71.08072299999999,
              42.37403
            ],
            [
              -71.080696,
              42.37403
            ],
            [
              -71.08066099999999,
              42.374029
            ],
            [
              -71.0806,
              42.374041999999996
            ],
            [
              -71.080568,
              42.37405
            ],
            [
              -71.080542,
              42.374057
            ],
            [
              -71.080517,
              42.374064999999995
            ],
            [
              -71.080506,
              42.374069999999996
            ],
            [
              -71.080496,
              42.374075999999995
            ],
            [
              -71.080479,
              42.374085
            ],
            [
              -71.080457,
              42.374099
            ],
            [
              -71.080443,
              42.374106
            ],
            [
              -71.080422,
              42.374114999999996
            ],
            [
              -71.080405,
              42.374117999999996
            ],
            [
              -71.080378,
              42.37412
            ],
            [
              -71.080364,
              42.374117999999996
            ],
            [
              -71.080349,
              42.374114
            ],
            [
              -71.080336,
              42.374109
            ],
            [
              -71.08032399999999,
              42.374103
            ],
            [
              -71.08028999999999,
              42.374083
            ],
            [
              -71.080252,
              42.374054
            ],
            [
              -71.080231,
              42.374041
            ],
            [
              -71.080212,
              42.37403
            ],
            [
              -71.080199,
              42.374021
            ],
            [
              -71.08018899999999,
              42.37401
            ],
            [
              -71.080181,
              42.373998
            ],
            [
              -71.080176,
              42.373985
            ],
            [
              -71.080169,
              42.37397
            ],
            [
              -71.080153,
              42.373943
            ],
            [
              -71.080135,
              42.373923999999995
            ],
            [
              -71.080097,
              42.373892
            ],
            [
              -71.080085,
              42.373883
            ],
            [
              -71.08000899999999,
              42.373836999999995
            ],
            [
              -71.07996399999999,
              42.373809
            ],
            [
              -71.07992899999999,
              42.373810999999996
            ],
            [
              -71.07986199999999,
              42.373819
            ],
            [
              -71.079822,
              42.373826
            ],
            [
              -71.079786,
              42.373832
            ],
            [
              -71.079764,
              42.373838
            ],
            [
              -71.079746,
              42.373841999999996
            ],
            [
              -71.07972699999999,
              42.373847999999995
            ],
            [
              -71.079709,
              42.373854
            ],
            [
              -71.079689,
              42.373863
            ],
            [
              -71.07967599999999,
              42.373867999999995
            ],
            [
              -71.079646,
              42.373885
            ],
            [
              -71.079606,
              42.373912999999995
            ],
            [
              -71.079572,
              42.373936
            ],
            [
              -71.07955799999999,
              42.373946
            ],
            [
              -71.07952999999999,
              42.373965
            ],
            [
              -71.079504,
              42.373985
            ],
            [
              -71.079484,
              42.374001
            ],
            [
              -71.079441,
              42.374033999999995
            ],
            [
              -71.07938299999999,
              42.374081
            ],
            [
              -71.079345,
              42.374113
            ],
            [
              -71.079328,
              42.374127
            ],
            [
              -71.079308,
              42.374141
            ],
            [
              -71.07928799999999,
              42.374151999999995
            ],
            [
              -71.07926599999999,
              42.374161
            ],
            [
              -71.07925,
              42.374165
            ],
            [
              -71.079219,
              42.374173
            ],
            [
              -71.079197,
              42.374176
            ],
            [
              -71.079169,
              42.374179999999996
            ],
            [
              -71.079137,
              42.374181
            ],
            [
              -71.07909699999999,
              42.374182999999995
            ],
            [
              -71.079054,
              42.374181
            ],
            [
              -71.07901799999999,
              42.374176
            ],
            [
              -71.078987,
              42.374173
            ],
            [
              -71.078954,
              42.374168
            ],
            [
              -71.07891599999999,
              42.374161
            ],
            [
              -71.078886,
              42.374156
            ],
            [
              -71.078858,
              42.374148999999996
            ],
            [
              -71.07880999999999,
              42.374134999999995
            ],
            [
              -71.078786,
              42.374128
            ],
            [
              -71.07875899999999,
              42.374117999999996
            ],
            [
              -71.07871899999999,
              42.374103999999996
            ],
            [
              -71.078696,
              42.374096
            ],
            [
              -71.078681,
              42.374089
            ],
            [
              -71.078665,
              42.374078
            ],
            [
              -71.078649,
              42.374066
            ],
            [
              -71.07860000000001,
              42.374029
            ],
            [
              -71.078553,
              42.373993999999996
            ],
            [
              -71.07850599999999,
              42.373957999999995
            ],
            [
              -71.078467,
              42.373929
            ],
            [
              -71.078434,
              42.373903999999996
            ],
            [
              -71.078406,
              42.373883
            ],
            [
              -71.078343,
              42.373835
            ],
            [
              -71.078289,
              42.373794
            ],
            [
              -71.07824699999999,
              42.373763
            ],
            [
              -71.078212,
              42.373742
            ],
            [
              -71.078175,
              42.373719
            ],
            [
              -71.078142,
              42.3737
            ],
            [
              -71.07811099999999,
              42.373681
            ],
            [
              -71.07808399999999,
              42.373664
            ],
            [
              -71.078042,
              42.373639
            ],
            [
              -71.078015,
              42.373622999999995
            ],
            [
              -71.078003,
              42.373616
            ],
            [
              -71.077989,
              42.373611
            ],
            [
              -71.077944,
              42.373599
            ],
            [
              -71.077916,
              42.373591999999995
            ],
            [
              -71.077882,
              42.373585
            ],
            [
              -71.077843,
              42.373577999999995
            ],
            [
              -71.077809,
              42.373574
            ],
            [
              -71.077787,
              42.373571999999996
            ],
            [
              -71.077765,
              42.373571
            ],
            [
              -71.077721,
              42.373568
            ],
            [
              -71.077691,
              42.373567
            ],
            [
              -71.077649,
              42.373566
            ],
            [
              -71.077601,
              42.373565
            ],
            [
              -71.077547,
              42.373565
            ],
            [
              -71.077503,
              42.373565
            ],
            [
              -71.07745299999999,
              42.373565
            ],
            [
              -71.077405,
              42.373566
            ],
            [
              -71.077359,
              42.373571
            ],
            [
              -71.07731199999999,
              42.373576
            ],
            [
              -71.077293,
              42.373579
            ],
            [
              -71.077249,
              42.373584
            ],
            [
              -71.07721,
              42.373585999999996
            ],
            [
              -71.077146,
              42.373591
            ],
            [
              -71.07709,
              42.373594999999995
            ],
            [
              -71.077028,
              42.373601
            ],
            [
              -71.076982,
              42.37361
            ],
            [
              -71.076937,
              42.373619
            ],
            [
              -71.076872,
              42.373633999999996
            ],
            [
              -71.076833,
              42.373643
            ],
            [
              -71.076808,
              42.373650999999995
            ],
            [
              -71.076786,
              42.373658
            ],
            [
              -71.07672099999999,
              42.373686
            ],
            [
              -71.07667099999999,
              42.373706999999996
            ],
            [
              -71.07659799999999,
              42.373739
            ],
            [
              -71.076566,
              42.373765
            ],
            [
              -71.07653499999999,
              42.37379
            ],
            [
              -71.076492,
              42.373818
            ],
            [
              -71.07644599999999,
              42.37385
            ],
            [
              -71.076392,
              42.373886
            ],
            [
              -71.076373,
              42.373899
            ],
            [
              -71.076336,
              42.373923999999995
            ],
            [
              -71.076295,
              42.373948
            ],
            [
              -71.07625,
              42.373968999999995
            ],
            [
              -71.07620899999999,
              42.373985
            ],
            [
              -71.076176,
              42.373996
            ],
            [
              -71.07614699999999,
              42.374002999999995
            ],
            [
              -71.07611299999999,
              42.374010999999996
            ],
            [
              -71.076086,
              42.374018
            ],
            [
              -71.07605199999999,
              42.374024
            ],
            [
              -71.076024,
              42.374027999999996
            ],
            [
              -71.076003,
              42.37403
            ],
            [
              -71.075983,
              42.37403
            ],
            [
              -71.075969,
              42.374029
            ],
            [
              -71.07595599999999,
              42.374027
            ],
            [
              -71.075943,
              42.374023
            ],
            [
              -71.075932,
              42.374018
            ],
            [
              -71.075921,
              42.374012
            ],
            [
              -71.07591099999999,
              42.374005
            ],
            [
              -71.075851,
              42.373957
            ],
            [
              -71.07583199999999,
              42.373942
            ],
            [
              -71.075797,
              42.373912999999995
            ],
            [
              -71.075766,
              42.373889
            ],
            [
              -71.075723,
              42.37385
            ],
            [
              -71.07569099999999,
              42.373819999999995
            ],
            [
              -71.075648,
              42.373779
            ],
            [
              -71.075611,
              42.373743999999995
            ],
            [
              -71.075582,
              42.373715999999995
            ],
            [
              -71.075571,
              42.373706
            ],
            [
              -71.075345,
              42.37349
            ],
            [
              -71.075332,
              42.373476
            ],
            [
              -71.075304,
              42.373447
            ],
            [
              -71.075276,
              42.373416999999996
            ],
            [
              -71.075253,
              42.373393
            ],
            [
              -71.07521799999999,
              42.373348
            ],
            [
              -71.07517299999999,
              42.37329
            ],
            [
              -71.075161,
              42.373270999999995
            ],
            [
              -71.07512799999999,
              42.373221
            ],
            [
              -71.075122,
              42.373207
            ],
            [
              -71.075105,
              42.373182
            ],
            [
              -71.075086,
              42.373143
            ],
            [
              -71.07507199999999,
              42.373115
            ],
            [
              -71.07506599999999,
              42.373103
            ],
            [
              -71.075051,
              42.37307
            ],
            [
              -71.075029,
              42.373028999999995
            ],
            [
              -71.075015,
              42.373000000000005
            ],
            [
              -71.075006,
              42.37299
            ],
            [
              -71.074997,
              42.372977999999996
            ],
            [
              -71.07497699999999,
              42.372952
            ],
            [
              -71.07496499999999,
              42.372935999999996
            ],
            [
              -71.074946,
              42.372918
            ],
            [
              -71.074923,
              42.372896
            ],
            [
              -71.07490299999999,
              42.372878
            ],
            [
              -71.074884,
              42.372864
            ],
            [
              -71.074872,
              42.372855
            ],
            [
              -71.074854,
              42.372842999999996
            ],
            [
              -71.074829,
              42.372825999999996
            ],
            [
              -71.074799,
              42.372806999999995
            ],
            [
              -71.074776,
              42.372793
            ],
            [
              -71.07471799999999,
              42.372758999999995
            ],
            [
              -71.07468399999999,
              42.372737
            ],
            [
              -71.07464399999999,
              42.372713
            ],
            [
              -71.074603,
              42.372689
            ],
            [
              -71.074578,
              42.372671
            ],
            [
              -71.07455399999999,
              42.372651999999995
            ],
            [
              -71.074541,
              42.372642
            ],
            [
              -71.074506,
              42.372620999999995
            ],
            [
              -71.074471,
              42.372603999999995
            ],
            [
              -71.074429,
              42.372583
            ],
            [
              -71.074382,
              42.372564
            ],
            [
              -71.074353,
              42.37255
            ],
            [
              -71.074333,
              42.372547
            ],
            [
              -71.074289,
              42.372533999999995
            ],
            [
              -71.07426099999999,
              42.37253
            ],
            [
              -71.074225,
              42.372527999999996
            ],
            [
              -71.074202,
              42.372527
            ],
            [
              -71.074174,
              42.372526
            ],
            [
              -71.074133,
              42.372527999999996
            ],
            [
              -71.07408699999999,
              42.372533
            ],
            [
              -71.07406399999999,
              42.372535
            ],
            [
              -71.074039,
              42.372541
            ],
            [
              -71.074001,
              42.372549
            ],
            [
              -71.073966,
              42.37256
            ],
            [
              -71.07394099999999,
              42.372568
            ],
            [
              -71.073923,
              42.372575
            ],
            [
              -71.073887,
              42.372589999999995
            ],
            [
              -71.073857,
              42.372602
            ],
            [
              -71.07382199999999,
              42.37262
            ],
            [
              -71.073785,
              42.372641
            ],
            [
              -71.07370999999999,
              42.372686
            ],
            [
              -71.073686,
              42.3727
            ],
            [
              -71.07364299999999,
              42.372727999999995
            ],
            [
              -71.07361,
              42.372749999999996
            ],
            [
              -71.07358599999999,
              42.372765
            ],
            [
              -71.073563,
              42.372780999999996
            ],
            [
              -71.07351799999999,
              42.372814
            ],
            [
              -71.073499,
              42.372828
            ],
            [
              -71.073483,
              42.372839
            ],
            [
              -71.073466,
              42.37285
            ],
            [
              -71.073414,
              42.372879
            ],
            [
              -71.073313,
              42.372934
            ],
            [
              -71.073238,
              42.372975
            ],
            [
              -71.07315899999999,
              42.373017999999995
            ],
            [
              -71.073082,
              42.373061
            ],
            [
              -71.073042,
              42.373082
            ],
            [
              -71.072994,
              42.373104999999995
            ],
            [
              -71.072906,
              42.373149
            ],
            [
              -71.072863,
              42.373168
            ],
            [
              -71.07280999999999,
              42.37319
            ],
            [
              -71.07276999999999,
              42.373207
            ],
            [
              -71.07274799999999,
              42.373214
            ],
            [
              -71.072689,
              42.373222
            ],
            [
              -71.07260000000001,
              42.372997999999995
            ],
            [
              -71.07251099999999,
              42.372772
            ],
            [
              -71.07246599999999,
              42.372658
            ],
            [
              -71.071809,
              42.372555
            ],
            [
              -71.071389,
              42.372489
            ],
            [
              -71.071005,
              42.372428
            ],
            [
              -71.07077199999999,
              42.372392
            ],
            [
              -71.070545,
              42.372355999999996
            ],
            [
              -71.070503,
              42.372349
            ],
            [
              -71.07045,
              42.372341
            ],
            [
              -71.070422,
              42.372336999999995
            ],
            [
              -71.070329,
              42.372322
            ],
            [
              -71.07021499999999,
              42.372304
            ],
            [
              -71.070117,
              42.372288999999995
            ],
            [
              -71.070064,
              42.372279999999996
            ],
            [
              -71.069906,
              42.372254999999996
            ],
            [
              -71.069743,
              42.372229999999995
            ],
            [
              -71.069687,
              42.372220999999996
            ],
            [
              -71.069656,
              42.372215999999995
            ],
            [
              -71.069445,
              42.372181999999995
            ],
            [
              -71.069318,
              42.372163
            ],
            [
              -71.06911199999999,
              42.37213
            ],
            [
              -71.069057,
              42.372122
            ],
            [
              -71.06900399999999,
              42.372113999999996
            ],
            [
              -71.068953,
              42.372105
            ],
            [
              -71.0687,
              42.372065
            ],
            [
              -71.068444,
              42.372025
            ],
            [
              -71.068302,
              42.372003
            ],
            [
              -71.06821699999999,
              42.371989
            ],
            [
              -71.06815,
              42.371978
            ],
            [
              -71.068001,
              42.371955
            ],
            [
              -71.067906,
              42.371939
            ],
            [
              -71.06777199999999,
              42.371919
            ],
            [
              -71.067667,
              42.371902999999996
            ],
            [
              -71.06761399999999,
              42.371894
            ],
            [
              -71.06745099999999,
              42.371869
            ],
            [
              -71.067387,
              42.371859
            ],
            [
              -71.067159,
              42.371823
            ],
            [
              -71.067115,
              42.371815999999995
            ],
            [
              -71.066979,
              42.371693
            ],
            [
              -71.066699,
              42.371432
            ],
            [
              -71.06658,
              42.371323
            ],
            [
              -71.066509,
              42.371258
            ],
            [
              -71.066435,
              42.371189
            ],
            [
              -71.066369,
              42.371128
            ],
            [
              -71.066239,
              42.371009
            ],
            [
              -71.065991,
              42.370781
            ],
            [
              -71.065707,
              42.370518
            ],
            [
              -71.06561599999999,
              42.370435
            ],
            [
              -71.06541,
              42.370245
            ],
            [
              -71.06533999999999,
              42.370180999999995
            ],
            [
              -71.065212,
              42.370064
            ],
            [
              -71.065085,
              42.369946
            ],
            [
              -71.064972,
              42.369842999999996
            ],
            [
              -71.064925,
              42.369799
            ],
            [
              -71.064776,
              42.369661
            ],
            [
              -71.064712,
              42.369602
            ],
            [
              -71.06464199999999,
              42.369537
            ],
            [
              -71.064531,
              42.369436
            ],
            [
              -71.064354,
              42.369271999999995
            ],
            [
              -71.06421399999999,
              42.369144
            ],
            [
              -71.064129,
              42.369065
            ],
            [
              -71.064059,
              42.369001
            ],
            [
              -71.06398399999999,
              42.368932
            ],
            [
              -71.064283,
              42.368939999999995
            ],
            [
              -71.064481,
              42.368941
            ],
            [
              -71.064708,
              42.368947
            ],
            [
              -71.06499099999999,
              42.368953
            ],
            [
              -71.065033,
              42.368953999999995
            ],
            [
              -71.065063,
              42.368953999999995
            ],
            [
              -71.06508699999999,
              42.368955
            ],
            [
              -71.065108,
              42.368955
            ],
            [
              -71.06521,
              42.368958
            ],
            [
              -71.065277,
              42.36896
            ],
            [
              -71.065426,
              42.368961999999996
            ],
            [
              -71.065592,
              42.368966
            ],
            [
              -71.065643,
              42.368967
            ],
            [
              -71.065736,
              42.368969
            ],
            [
              -71.065842,
              42.368970999999995
            ],
            [
              -71.065994,
              42.368974
            ],
            [
              -71.066176,
              42.368978
            ],
            [
              -71.06638099999999,
              42.368981999999995
            ],
            [
              -71.06694,
              42.368994
            ],
            [
              -71.067734,
              42.369009999999996
            ],
            [
              -71.067892,
              42.369012999999995
            ],
            [
              -71.06806499999999,
              42.369017
            ],
            [
              -71.068326,
              42.369022
            ],
            [
              -71.069478,
              42.369046
            ],
            [
              -71.069513,
              42.369015999999995
            ],
            [
              -71.06983699999999,
              42.368708999999996
            ],
            [
              -71.070025,
              42.368531
            ],
            [
              -71.070436,
              42.368148
            ],
            [
              -71.070498,
              42.368091
            ],
            [
              -71.07054699999999,
              42.368041999999996
            ],
            [
              -71.07056,
              42.368027999999995
            ],
            [
              -71.07057499999999,
              42.368015
            ],
            [
              -71.070644,
              42.367948999999996
            ],
            [
              -71.070826,
              42.367779
            ],
            [
              -71.071338,
              42.367298
            ],
            [
              -71.071387,
              42.367250999999996
            ],
            [
              -71.071418,
              42.367222999999996
            ],
            [
              -71.07144699999999,
              42.367194999999995
            ],
            [
              -71.07153699999999,
              42.36711
            ],
            [
              -71.07196499999999,
              42.366707999999996
            ],
            [
              -71.07372099999999,
              42.365055999999996
            ],
            [
              -71.07388399999999,
              42.36486
            ],
            [
              -71.074792,
              42.363772999999995
            ],
            [
              -71.074941,
              42.363507999999996
            ],
            [
              -71.07509499999999,
              42.363203
            ],
            [
              -71.07554499999999,
              42.36193
            ],
            [
              -71.07565699999999,
              42.361613
            ],
            [
              -71.07571,
              42.361463
            ],
            [
              -71.076092,
              42.36038
            ],
            [
              -71.076403,
              42.359956
            ],
            [
              -71.076427,
              42.359924
            ],
            [
              -71.07665999999999,
              42.359668
            ],
            [
              -71.07681,
              42.359504
            ],
            [
              -71.077334,
              42.359083999999996
            ],
            [
              -71.077952,
              42.358734999999996
            ],
            [
              -71.07936099999999,
              42.358267
            ],
            [
              -71.083398,
              42.356925
            ],
            [
              -71.08517499999999,
              42.356333
            ],
            [
              -71.08751099999999,
              42.355557
            ],
            [
              -71.091002,
              42.354397
            ],
            [
              -71.091235,
              42.354338
            ],
            [
              -71.093002,
              42.353894
            ],
            [
              -71.093237,
              42.353851999999996
            ],
            [
              -71.093294,
              42.353843
            ],
            [
              -71.094025,
              42.353722999999995
            ],
            [
              -71.094985,
              42.353564
            ],
            [
              -71.095987,
              42.353398999999996
            ],
            [
              -71.097244,
              42.353190999999995
            ],
            [
              -71.097627,
              42.353148999999995
            ],
            [
              -71.09788999999999,
              42.35312
            ],
            [
              -71.101815,
              42.352688
            ],
            [
              -71.10239899999999,
              42.352623
            ],
            [
              -71.103032,
              42.352514
            ],
            [
              -71.10340699999999,
              42.352449
            ],
            [
              -71.104316,
              42.352402999999995
            ],
            [
              -71.106009,
              42.352474
            ],
            [
              -71.10663699999999,
              42.352486999999996
            ],
            [
              -71.107471,
              42.352503
            ],
            [
              -71.109218,
              42.352546
            ],
            [
              -71.110083,
              42.352548999999996
            ],
            [
              -71.11035799999999,
              42.352585999999995
            ],
            [
              -71.11058899999999,
              42.352616
            ],
            [
              -71.11121,
              42.352699
            ],
            [
              -71.11130299999999,
              42.352711
            ],
            [
              -71.111384,
              42.352722
            ],
            [
              -71.111513,
              42.352739
            ],
            [
              -71.11160000000001,
              42.352754
            ],
            [
              -71.111863,
              42.3528
            ],
            [
              -71.112149,
              42.352849
            ],
            [
              -71.11246,
              42.352903
            ],
            [
              -71.112695,
              42.352968
            ],
            [
              -71.11283399999999,
              42.353002
            ],
            [
              -71.11292499999999,
              42.353029
            ],
            [
              -71.113196,
              42.35311
            ],
            [
              -71.113714,
              42.353311
            ],
            [
              -71.114459,
              42.353654
            ],
            [
              -71.11516999999999,
              42.354032
            ],
            [
              -71.11591,
              42.354531
            ],
            [
              -71.11653,
              42.355028
            ],
            [
              -71.116543,
              42.355049
            ],
            [
              -71.116852,
              42.355385
            ],
            [
              -71.116902,
              42.355497
            ],
            [
              -71.117066,
              42.355866
            ],
            [
              -71.117077,
              42.355979999999995
            ],
            [
              -71.117113,
              42.356373
            ],
            [
              -71.117165,
              42.356997
            ],
            [
              -71.117072,
              42.357544999999995
            ],
            [
              -71.116978,
              42.35782
            ],
            [
              -71.116734,
              42.358531
            ],
            [
              -71.116681,
              42.358736
            ],
            [
              -71.116649,
              42.358838999999996
            ],
            [
              -71.116597,
              42.359185
            ],
            [
              -71.11657799999999,
              42.359567
            ],
            [
              -71.116608,
              42.360085
            ],
            [
              -71.11670099999999,
              42.361184
            ],
            [
              -71.116704,
              42.361255
            ],
            [
              -71.116841,
              42.362750999999996
            ],
            [
              -71.116936,
              42.363676999999996
            ],
            [
              -71.11692099999999,
              42.364246
            ],
            [
              -71.11689299999999,
              42.365305
            ],
            [
              -71.116873,
              42.365885
            ],
            [
              -71.116968,
              42.366651
            ],
            [
              -71.117082,
              42.367033
            ],
            [
              -71.117147,
              42.367180999999995
            ],
            [
              -71.11722999999999,
              42.367367
            ],
            [
              -71.11753999999999,
              42.367875
            ],
            [
              -71.11769199999999,
              42.368145999999996
            ],
            [
              -71.11793399999999,
              42.368384999999996
            ],
            [
              -71.11819,
              42.368528999999995
            ],
            [
              -71.118444,
              42.368615999999996
            ],
            [
              -71.118524,
              42.368643999999996
            ],
            [
              -71.11896,
              42.368759999999995
            ],
            [
              -71.11955,
              42.368838
            ],
            [
              -71.12008999999999,
              42.368821
            ],
            [
              -71.120758,
              42.368784999999995
            ],
            [
              -71.12126099999999,
              42.368742999999995
            ],
            [
              -71.121462,
              42.368731
            ],
            [
              -71.121594,
              42.368711
            ],
            [
              -71.122044,
              42.368703
            ],
            [
              -71.12248,
              42.368762
            ],
            [
              -71.123113,
              42.368905999999996
            ],
            [
              -71.123204,
              42.368938
            ],
            [
              -71.12332099999999,
              42.368978
            ],
            [
              -71.12334299999999,
              42.368984999999995
            ],
            [
              -71.1234,
              42.369005
            ],
            [
              -71.12382699999999,
              42.369157
            ],
            [
              -71.124173,
              42.36933
            ],
            [
              -71.124454,
              42.369512
            ],
            [
              -71.124501,
              42.369566
            ],
            [
              -71.12454199999999,
              42.369614999999996
            ],
            [
              -71.124582,
              42.369636
            ],
            [
              -71.12459299999999,
              42.369655
            ],
            [
              -71.1246,
              42.369668
            ],
            [
              -71.124606,
              42.36969
            ],
            [
              -71.12465399999999,
              42.369757
            ],
            [
              -71.124724,
              42.369853
            ],
            [
              -71.12490199999999,
              42.370098999999996
            ],
            [
              -71.12499,
              42.370244
            ],
            [
              -71.125051,
              42.370346
            ],
            [
              -71.125113,
              42.37045
            ],
            [
              -71.125177,
              42.370556
            ],
            [
              -71.125208,
              42.370608
            ],
            [
              -71.12524499999999,
              42.370669
            ],
            [
              -71.12529099999999,
              42.370748999999996
            ],
            [
              -71.125356,
              42.370869
            ],
            [
              -71.125391,
              42.370931999999996
            ],
            [
              -71.125405,
              42.370957999999995
            ],
            [
              -71.125423,
              42.37099
            ],
            [
              -71.12545899999999,
              42.371055
            ],
            [
              -71.12553299999999,
              42.371190999999996
            ],
            [
              -71.126024,
              42.371947999999996
            ],
            [
              -71.126469,
              42.372378
            ],
            [
              -71.126688,
              42.372567
            ],
            [
              -71.12701,
              42.372839
            ],
            [
              -71.12727699999999,
              42.373022999999996
            ],
            [
              -71.127634,
              42.373259
            ],
            [
              -71.127922,
              42.373429
            ],
            [
              -71.128203,
              42.373571999999996
            ],
            [
              -71.12862799999999,
              42.373740999999995
            ],
            [
              -71.128951,
              42.373835
            ],
            [
              -71.12962499999999,
              42.373944
            ],
            [
              -71.130169,
              42.373961
            ],
            [
              -71.130644,
              42.373923999999995
            ],
            [
              -71.130685,
              42.373922
            ],
            [
              -71.130997,
              42.373892
            ],
            [
              -71.131147,
              42.373867999999995
            ],
            [
              -71.131525,
              42.373802
            ],
            [
              -71.13207,
              42.373594999999995
            ],
            [
              -71.132457,
              42.373382
            ],
            [
              -71.132719,
              42.373199
            ],
            [
              -71.13296199999999,
              42.37294
            ],
            [
              -71.133101,
              42.372701
            ],
            [
              -71.13315,
              42.372563
            ],
            [
              -71.133164,
              42.372447
            ],
            [
              -71.133179,
              42.372338
            ],
            [
              -71.13314199999999,
              42.372166
            ],
            [
              -71.133091,
              42.371976
            ],
            [
              -71.133044,
              42.37191
            ],
            [
              -71.13302399999999,
              42.371818
            ],
            [
              -71.132978,
              42.371764999999996
            ],
            [
              -71.13290599999999,
              42.371680999999995
            ],
            [
              -71.132871,
              42.371641
            ],
            [
              -71.13278199999999,
              42.371544
            ],
            [
              -71.13232099999999,
              42.371127
            ],
            [
              -71.13221,
              42.371009
            ],
            [
              -71.13206,
              42.370824999999996
            ],
            [
              -71.131937,
              42.370591
            ],
            [
              -71.131847,
              42.370387
            ],
            [
              -71.131794,
              42.370104
            ],
            [
              -71.13177999999999,
              42.370004
            ],
            [
              -71.131762,
              42.369864
            ],
            [
              -71.131774,
              42.369788
            ],
            [
              -71.13179,
              42.369686
            ],
            [
              -71.131874,
              42.369496999999996
            ],
            [
              -71.131971,
              42.369333999999995
            ],
            [
              -71.132117,
              42.369146
            ],
            [
              -71.132373,
              42.368891
            ],
            [
              -71.132936,
              42.368486999999995
            ],
            [
              -71.133444,
              42.368155
            ],
            [
              -71.133803,
              42.367942
            ],
            [
              -71.134168,
              42.367759
            ],
            [
              -71.13472399999999,
              42.367568
            ],
            [
              -71.135065,
              42.367481999999995
            ],
            [
              -71.13521999999999,
              42.367433999999996
            ],
            [
              -71.135353,
              42.367393
            ],
            [
              -71.13551,
              42.367343
            ],
            [
              -71.135594,
              42.367315
            ],
            [
              -71.135719,
              42.367273999999995
            ],
            [
              -71.135809,
              42.367231
            ],
            [
              -71.13594599999999,
              42.367142
            ],
            [
              -71.136161,
              42.367004
            ],
            [
              -71.136303,
              42.366912
            ],
            [
              -71.136573,
              42.366735
            ],
            [
              -71.136978,
              42.36647
            ],
            [
              -71.137052,
              42.366420999999995
            ],
            [
              -71.137536,
              42.366
            ],
            [
              -71.13856,
              42.365099
            ],
            [
              -71.13897399999999,
              42.364815
            ],
            [
              -71.139147,
              42.364703
            ],
            [
              -71.139464,
              42.364556
            ],
            [
              -71.139692,
              42.364475
            ],
            [
              -71.139892,
              42.364439999999995
            ],
            [
              -71.140126,
              42.364416
            ],
            [
              -71.140408,
              42.364401
            ],
            [
              -71.140642,
              42.364422
            ],
            [
              -71.140999,
              42.364495
            ],
            [
              -71.141391,
              42.364573
            ],
            [
              -71.14190599999999,
              42.364732
            ],
            [
              -71.14213699999999,
              42.364813
            ],
            [
              -71.142483,
              42.364937999999995
            ],
            [
              -71.142909,
              42.365026
            ],
            [
              -71.143294,
              42.365083999999996
            ],
            [
              -71.143667,
              42.365080999999996
            ],
            [
              -71.14370199999999,
              42.365164
            ],
            [
              -71.143821,
              42.365446999999996
            ],
            [
              -71.143856,
              42.36553
            ],
            [
              -71.1439,
              42.365628
            ],
            [
              -71.14420799999999,
              42.366316
            ],
            [
              -71.14424799999999,
              42.366394
            ],
            [
              -71.144269,
              42.366454
            ],
            [
              -71.14359499999999,
              42.36656
            ],
            [
              -71.143204,
              42.366648999999995
            ],
            [
              -71.142945,
              42.366718
            ],
            [
              -71.142763,
              42.366789999999995
            ],
            [
              -71.14261499999999,
              42.366856999999996
            ],
            [
              -71.14255899999999,
              42.366904
            ],
            [
              -71.142461,
              42.367017
            ],
            [
              -71.142247,
              42.367388
            ],
            [
              -71.142101,
              42.367638
            ],
            [
              -71.14183299999999,
              42.368041
            ],
            [
              -71.141621,
              42.368383
            ],
            [
              -71.141347,
              42.368812
            ],
            [
              -71.141008,
              42.369333999999995
            ],
            [
              -71.14089,
              42.369541999999996
            ],
            [
              -71.140811,
              42.369681
            ],
            [
              -71.140599,
              42.370017
            ],
            [
              -71.14045,
              42.370359
            ],
            [
              -71.140372,
              42.370638
            ],
            [
              -71.14036,
              42.370692999999996
            ],
            [
              -71.140278,
              42.371099
            ],
            [
              -71.140192,
              42.371555
            ],
            [
              -71.140112,
              42.372005
            ],
            [
              -71.140074,
              42.372662999999996
            ],
            [
              -71.13999199999999,
              42.373568999999996
            ],
            [
              -71.140316,
              42.37361
            ],
            [
              -71.140447,
              42.373627
            ],
            [
              -71.140879,
              42.373681999999995
            ],
            [
              -71.141235,
              42.373728
            ],
            [
              -71.141624,
              42.373778
            ],
            [
              -71.141757,
              42.373796
            ],
            [
              -71.141859,
              42.373809
            ],
            [
              -71.142062,
              42.373835
            ],
            [
              -71.143604,
              42.374033999999995
            ],
            [
              -71.143925,
              42.374074
            ],
            [
              -71.143877,
              42.374308
            ],
            [
              -71.14363999999999,
              42.375209
            ],
            [
              -71.14363,
              42.375277
            ],
            [
              -71.14383099999999,
              42.375278
            ],
            [
              -71.14421899999999,
              42.375281
            ],
            [
              -71.144448,
              42.375282999999996
            ],
            [
              -71.14468,
              42.375282999999996
            ],
            [
              -71.145091,
              42.375274999999995
            ],
            [
              -71.14518799999999,
              42.375265999999996
            ],
            [
              -71.14520999999999,
              42.375264
            ],
            [
              -71.145695,
              42.375217
            ],
            [
              -71.145937,
              42.375195
            ],
            [
              -71.146119,
              42.37517
            ],
            [
              -71.14645399999999,
              42.375124
            ],
            [
              -71.147284,
              42.374967999999996
            ],
            [
              -71.148411,
              42.374742
            ],
            [
              -71.148494,
              42.374753999999996
            ],
            [
              -71.148906,
              42.374677999999996
            ],
            [
              -71.14897599999999,
              42.374628
            ],
            [
              -71.149339,
              42.374553
            ],
            [
              -71.14970199999999,
              42.374483999999995
            ],
            [
              -71.149864,
              42.374451
            ],
            [
              -71.150239,
              42.374376999999996
            ],
            [
              -71.150301,
              42.374483
            ],
            [
              -71.150378,
              42.374613
            ],
            [
              -71.15061,
              42.374641
            ],
            [
              -71.151341,
              42.374728
            ],
            [
              -71.151642,
              42.374765
            ],
            [
              -71.152376,
              42.374854
            ],
            [
              -71.152785,
              42.374902
            ],
            [
              -71.152913,
              42.374918
            ],
            [
              -71.15382,
              42.375028
            ],
            [
              -71.15437299999999,
              42.375094999999995
            ],
            [
              -71.154395,
              42.375164
            ],
            [
              -71.154643,
              42.375904999999996
            ],
            [
              -71.15470599999999,
              42.376087999999996
            ],
            [
              -71.154741,
              42.376194
            ],
            [
              -71.154747,
              42.376211999999995
            ],
            [
              -71.154915,
              42.376712
            ],
            [
              -71.155068,
              42.377168
            ],
            [
              -71.155134,
              42.377365999999995
            ],
            [
              -71.15517,
              42.377471
            ],
            [
              -71.15525199999999,
              42.377718
            ],
            [
              -71.155396,
              42.378146
            ],
            [
              -71.155681,
              42.378997
            ],
            [
              -71.155817,
              42.379402999999996
            ],
            [
              -71.156003,
              42.379961
            ],
            [
              -71.156143,
              42.380373
            ],
            [
              -71.15619099999999,
              42.380517999999995
            ],
            [
              -71.15623099999999,
              42.380635999999996
            ],
            [
              -71.155923,
              42.380522
            ],
            [
              -71.155729,
              42.380449
            ],
            [
              -71.155659,
              42.380424
            ],
            [
              -71.155298,
              42.380296
            ],
            [
              -71.155051,
              42.3802
            ],
            [
              -71.155006,
              42.380317
            ],
            [
              -71.155333,
              42.380908
            ],
            [
              -71.15520599999999,
              42.381167
            ],
            [
              -71.15562299999999,
              42.381481
            ],
            [
              -71.15581399999999,
              42.381599
            ],
            [
              -71.155964,
              42.381633
            ],
            [
              -71.156171,
              42.381679999999996
            ],
            [
              -71.156566,
              42.381775999999995
            ],
            [
              -71.156936,
              42.381893
            ],
            [
              -71.157597,
              42.382151
            ],
            [
              -71.157792,
              42.382211
            ],
            [
              -71.15781799999999,
              42.382345
            ],
            [
              -71.15781,
              42.382453999999996
            ],
            [
              -71.157971,
              42.382805
            ],
            [
              -71.15800999999999,
              42.382861
            ],
            [
              -71.158289,
              42.383272
            ],
            [
              -71.158659,
              42.383845
            ],
            [
              -71.160266,
              42.386339
            ],
            [
              -71.160332,
              42.386444
            ],
            [
              -71.16026699999999,
              42.386468
            ]
          ]
        ]
      }
    },
    {
      "type": "Feature",
      "properties": {
        "name": "Brockton",
        "full_name": "Brockton city",
        "gateway_city": true,
        "work_type": "Gateway Cities"
      },
      "geometry": {
        "type": "Polygon",
        "coordinates": [
          [
            [
              -71.080483,
              42.095538999999995
            ],
            [
              -71.080176,
              42.095662999999995
            ],
            [
              -71.079414,
              42.095965
            ],
            [
              -71.079343,
              42.095993
            ],
            [
              -71.078076,
              42.096498
            ],
            [
              -71.076696,
              42.097046999999996
            ],
            [
              -71.075897,
              42.097364999999996
            ],
            [
              -71.075026,
              42.097708999999995
            ],
            [
              -71.071962,
              42.098932
            ],
            [
              -71.07062499999999,
              42.099464
            ],
            [
              -71.06707,
              42.10088
            ],
            [
              -71.06700599999999,
              42.100905
            ],
            [
              -71.063901,
              42.102142
            ],
            [
              -71.062711,
              42.102623
            ],
            [
              -71.061656,
              42.103037
            ],
            [
              -71.061314,
              42.103170999999996
            ],
            [
              -71.061256,
              42.103193999999995
            ],
            [
              -71.06010599999999,
              42.103646999999995
            ],
            [
              -71.059032,
              42.104071
            ],
            [
              -71.058308,
              42.104357
            ],
            [
              -71.057938,
              42.104502
            ],
            [
              -71.057766,
              42.104569999999995
            ],
            [
              -71.057344,
              42.104737
            ],
            [
              -71.056975,
              42.104883
            ],
            [
              -71.056812,
              42.104946999999996
            ],
            [
              -71.052668,
              42.106586
            ],
            [
              -71.0507,
              42.10736
            ],
            [
              -71.050378,
              42.107487
            ],
            [
              -71.05015399999999,
              42.107575999999995
            ],
            [
              -71.049504,
              42.107834
            ],
            [
              -71.049033,
              42.108017
            ],
            [
              -71.04852699999999,
              42.108216999999996
            ],
            [
              -71.047832,
              42.10847
            ],
            [
              -71.046506,
              42.109015
            ],
            [
              -71.045714,
              42.109327
            ],
            [
              -71.045065,
              42.109587
            ],
            [
              -71.044803,
              42.109691
            ],
            [
              -71.044511,
              42.109803
            ],
            [
              -71.044484,
              42.109814
            ],
            [
              -71.044305,
              42.109877999999995
            ],
            [
              -71.043606,
              42.11016
            ],
            [
              -71.04248799999999,
              42.110600999999996
            ],
            [
              -71.041628,
              42.110941
            ],
            [
              -71.041519,
              42.110987
            ],
            [
              -71.041107,
              42.111149999999995
            ],
            [
              -71.041056,
              42.111169
            ],
            [
              -71.040556,
              42.111367
            ],
            [
              -71.039863,
              42.111627999999996
            ],
            [
              -71.039273,
              42.111871
            ],
            [
              -71.03853699999999,
              42.112161
            ],
            [
              -71.03729899999999,
              42.112649999999995
            ],
            [
              -71.03590799999999,
              42.113199
            ],
            [
              -71.035254,
              42.113457
            ],
            [
              -71.034188,
              42.113872
            ],
            [
              -71.034054,
              42.113924999999995
            ],
            [
              -71.034025,
              42.113935999999995
            ],
            [
              -71.03376,
              42.114047
            ],
            [
              -71.033079,
              42.114315999999995
            ],
            [
              -71.032361,
              42.114599
            ],
            [
              -71.031883,
              42.114788999999995
            ],
            [
              -71.031442,
              42.114962
            ],
            [
              -71.03034699999999,
              42.115393999999995
            ],
            [
              -71.030164,
              42.115466
            ],
            [
              -71.02977299999999,
              42.115621
            ],
            [
              -71.029574,
              42.115699
            ],
            [
              -71.02920999999999,
              42.115843
            ],
            [
              -71.028328,
              42.116191
            ],
            [
              -71.027518,
              42.116510999999996
            ],
            [
              -71.027154,
              42.116645999999996
            ],
            [
              -71.026797,
              42.116794999999996
            ],
            [
              -71.025705,
              42.117225999999995
            ],
            [
              -71.025534,
              42.117293
            ],
            [
              -71.025151,
              42.117445
            ],
            [
              -71.02228199999999,
              42.118578
            ],
            [
              -71.02185899999999,
              42.118745
            ],
            [
              -71.02180899999999,
              42.118764
            ],
            [
              -71.020831,
              42.119147
            ],
            [
              -71.020617,
              42.119229999999995
            ],
            [
              -71.02005299999999,
              42.119451
            ],
            [
              -71.019831,
              42.119533
            ],
            [
              -71.019729,
              42.119578
            ],
            [
              -71.01880899999999,
              42.119938
            ],
            [
              -71.017011,
              42.120641
            ],
            [
              -71.016723,
              42.120753
            ],
            [
              -71.016622,
              42.120793
            ],
            [
              -71.01601699999999,
              42.12103
            ],
            [
              -71.012496,
              42.122409
            ],
            [
              -71.012356,
              42.122464
            ],
            [
              -71.01213,
              42.122552
            ],
            [
              -71.012036,
              42.122589
            ],
            [
              -71.01194199999999,
              42.122626
            ],
            [
              -71.011822,
              42.122672
            ],
            [
              -71.011636,
              42.122744999999995
            ],
            [
              -71.01102999999999,
              42.122983
            ],
            [
              -71.010746,
              42.123093999999995
            ],
            [
              -71.009523,
              42.123571999999996
            ],
            [
              -71.00939699999999,
              42.123622
            ],
            [
              -71.007029,
              42.124548
            ],
            [
              -71.002029,
              42.126506
            ],
            [
              -71.00197399999999,
              42.126526
            ],
            [
              -71.001961,
              42.126467999999996
            ],
            [
              -71.001947,
              42.126408999999995
            ],
            [
              -71.00192299999999,
              42.126303
            ],
            [
              -71.001736,
              42.125464
            ],
            [
              -71.00135,
              42.123746
            ],
            [
              -71.001162,
              42.122907999999995
            ],
            [
              -71.00093199999999,
              42.12188
            ],
            [
              -71.000552,
              42.120138999999995
            ],
            [
              -71.000359,
              42.119288
            ],
            [
              -70.999741,
              42.116565
            ],
            [
              -70.99967,
              42.116251
            ],
            [
              -70.99897,
              42.113133
            ],
            [
              -70.99893399999999,
              42.113002
            ],
            [
              -70.99869199999999,
              42.112049999999996
            ],
            [
              -70.998682,
              42.111942
            ],
            [
              -70.998659,
              42.111917
            ],
            [
              -70.998594,
              42.111636
            ],
            [
              -70.994123,
              42.11219
            ],
            [
              -70.992634,
              42.112376
            ],
            [
              -70.99109,
              42.112570999999996
            ],
            [
              -70.989679,
              42.112747999999996
            ],
            [
              -70.989631,
              42.11276
            ],
            [
              -70.989573,
              42.112758
            ],
            [
              -70.989521,
              42.112767999999996
            ],
            [
              -70.98630299999999,
              42.113169
            ],
            [
              -70.98571199999999,
              42.113243999999995
            ],
            [
              -70.981445,
              42.113782
            ],
            [
              -70.97948,
              42.114036999999996
            ],
            [
              -70.979376,
              42.114042999999995
            ],
            [
              -70.979337,
              42.114045999999995
            ],
            [
              -70.979117,
              42.114076999999995
            ],
            [
              -70.979058,
              42.113994
            ],
            [
              -70.97897999999999,
              42.113882
            ],
            [
              -70.97894099999999,
              42.113791
            ],
            [
              -70.97892399999999,
              42.113734
            ],
            [
              -70.978925,
              42.113664
            ],
            [
              -70.978882,
              42.113606999999995
            ],
            [
              -70.978774,
              42.113397
            ],
            [
              -70.978781,
              42.113329
            ],
            [
              -70.978802,
              42.113125
            ],
            [
              -70.97886299999999,
              42.112986
            ],
            [
              -70.978914,
              42.112904
            ],
            [
              -70.97904799999999,
              42.112843
            ],
            [
              -70.979175,
              42.112792
            ],
            [
              -70.979248,
              42.112747
            ],
            [
              -70.97930099999999,
              42.112676
            ],
            [
              -70.979377,
              42.112532
            ],
            [
              -70.97948,
              42.112387
            ],
            [
              -70.979568,
              42.112102
            ],
            [
              -70.97975199999999,
              42.111886999999996
            ],
            [
              -70.97980299999999,
              42.111806
            ],
            [
              -70.979809,
              42.111703999999996
            ],
            [
              -70.979873,
              42.111624
            ],
            [
              -70.980212,
              42.11137
            ],
            [
              -70.98056199999999,
              42.111308
            ],
            [
              -70.980818,
              42.111182
            ],
            [
              -70.98095599999999,
              42.110949
            ],
            [
              -70.980941,
              42.110789
            ],
            [
              -70.980925,
              42.110631999999995
            ],
            [
              -70.98066399999999,
              42.110206
            ],
            [
              -70.980539,
              42.109926
            ],
            [
              -70.98061899999999,
              42.109528
            ],
            [
              -70.980656,
              42.109365
            ],
            [
              -70.98066299999999,
              42.109255
            ],
            [
              -70.980598,
              42.10914
            ],
            [
              -70.98051199999999,
              42.10902
            ],
            [
              -70.98032599999999,
              42.108911
            ],
            [
              -70.980116,
              42.108841999999996
            ],
            [
              -70.979817,
              42.1087
            ],
            [
              -70.979494,
              42.108622
            ],
            [
              -70.979137,
              42.108537999999996
            ],
            [
              -70.97882299999999,
              42.108495
            ],
            [
              -70.978747,
              42.108461
            ],
            [
              -70.978663,
              42.108382
            ],
            [
              -70.97863699999999,
              42.108314
            ],
            [
              -70.978638,
              42.108232
            ],
            [
              -70.97855299999999,
              42.108149999999995
            ],
            [
              -70.97847399999999,
              42.108114
            ],
            [
              -70.978342,
              42.108014999999995
            ],
            [
              -70.978241,
              42.107957
            ],
            [
              -70.97819799999999,
              42.107926
            ],
            [
              -70.97813,
              42.107862
            ],
            [
              -70.978105,
              42.107760999999996
            ],
            [
              -70.97811399999999,
              42.107704
            ],
            [
              -70.978117,
              42.107641
            ],
            [
              -70.978141,
              42.107533
            ],
            [
              -70.978101,
              42.107413
            ],
            [
              -70.97810199999999,
              42.107203
            ],
            [
              -70.97806,
              42.107101
            ],
            [
              -70.97806899999999,
              42.106955
            ],
            [
              -70.977986,
              42.106791
            ],
            [
              -70.977925,
              42.106497999999995
            ],
            [
              -70.977887,
              42.106438
            ],
            [
              -70.977846,
              42.106387999999995
            ],
            [
              -70.977751,
              42.106300999999995
            ],
            [
              -70.977616,
              42.106199
            ],
            [
              -70.97753,
              42.106162999999995
            ],
            [
              -70.977479,
              42.10612
            ],
            [
              -70.97746099999999,
              42.106078
            ],
            [
              -70.977456,
              42.105964
            ],
            [
              -70.977364,
              42.105773
            ],
            [
              -70.97736499999999,
              42.105653
            ],
            [
              -70.977392,
              42.105564
            ],
            [
              -70.977521,
              42.105362
            ],
            [
              -70.97765,
              42.105154
            ],
            [
              -70.977668,
              42.105021
            ],
            [
              -70.977699,
              42.104926999999996
            ],
            [
              -70.977734,
              42.104897
            ],
            [
              -70.977772,
              42.104887999999995
            ],
            [
              -70.977814,
              42.104862999999995
            ],
            [
              -70.97784,
              42.104836
            ],
            [
              -70.977875,
              42.104768
            ],
            [
              -70.977775,
              42.104521
            ],
            [
              -70.977603,
              42.104369999999996
            ],
            [
              -70.977538,
              42.104355
            ],
            [
              -70.977452,
              42.104379
            ],
            [
              -70.977401,
              42.104361999999995
            ],
            [
              -70.977374,
              42.104343
            ],
            [
              -70.977366,
              42.104307999999996
            ],
            [
              -70.977373,
              42.104254999999995
            ],
            [
              -70.97737699999999,
              42.10424
            ],
            [
              -70.97742,
              42.104169999999996
            ],
            [
              -70.977378,
              42.104119999999995
            ],
            [
              -70.97733099999999,
              42.104102999999995
            ],
            [
              -70.977301,
              42.104085
            ],
            [
              -70.977282,
              42.104048999999996
            ],
            [
              -70.977277,
              42.103986
            ],
            [
              -70.97721,
              42.103860999999995
            ],
            [
              -70.977183,
              42.103849
            ],
            [
              -70.97712299999999,
              42.103823
            ],
            [
              -70.97706699999999,
              42.103774
            ],
            [
              -70.977042,
              42.103632999999995
            ],
            [
              -70.97702699999999,
              42.103555
            ],
            [
              -70.97701599999999,
              42.103516
            ],
            [
              -70.97696599999999,
              42.103468
            ],
            [
              -70.976907,
              42.103429999999996
            ],
            [
              -70.976855,
              42.103358
            ],
            [
              -70.976834,
              42.103283
            ],
            [
              -70.97684699999999,
              42.103212
            ],
            [
              -70.976862,
              42.103125999999996
            ],
            [
              -70.97683599999999,
              42.103018
            ],
            [
              -70.976796,
              42.102900999999996
            ],
            [
              -70.976725,
              42.102658999999996
            ],
            [
              -70.976722,
              42.10245
            ],
            [
              -70.976747,
              42.102184
            ],
            [
              -70.976762,
              42.101921
            ],
            [
              -70.976714,
              42.101898
            ],
            [
              -70.976688,
              42.101858
            ],
            [
              -70.97670099999999,
              42.101813
            ],
            [
              -70.976754,
              42.101777
            ],
            [
              -70.97679099999999,
              42.101627
            ],
            [
              -70.97683099999999,
              42.101493
            ],
            [
              -70.976806,
              42.101462
            ],
            [
              -70.976805,
              42.101444
            ],
            [
              -70.976811,
              42.101427
            ],
            [
              -70.976841,
              42.101397999999996
            ],
            [
              -70.976942,
              42.101347
            ],
            [
              -70.976969,
              42.101313999999995
            ],
            [
              -70.97695999999999,
              42.101268
            ],
            [
              -70.976899,
              42.101234999999996
            ],
            [
              -70.976895,
              42.101199
            ],
            [
              -70.976935,
              42.10118
            ],
            [
              -70.97698299999999,
              42.101192
            ],
            [
              -70.97702199999999,
              42.101197
            ],
            [
              -70.977042,
              42.101171
            ],
            [
              -70.977053,
              42.101147999999995
            ],
            [
              -70.977058,
              42.101099
            ],
            [
              -70.97700999999999,
              42.10104
            ],
            [
              -70.97703299999999,
              42.100964999999995
            ],
            [
              -70.977013,
              42.100912
            ],
            [
              -70.97699,
              42.10089
            ],
            [
              -70.976945,
              42.100868
            ],
            [
              -70.976902,
              42.100863
            ],
            [
              -70.97685,
              42.10082
            ],
            [
              -70.976787,
              42.100725
            ],
            [
              -70.97675,
              42.100682
            ],
            [
              -70.97674099999999,
              42.100603
            ],
            [
              -70.976733,
              42.100535
            ],
            [
              -70.976742,
              42.100504
            ],
            [
              -70.976805,
              42.100421999999995
            ],
            [
              -70.976942,
              42.100334
            ],
            [
              -70.977082,
              42.100302
            ],
            [
              -70.977144,
              42.100252999999995
            ],
            [
              -70.977171,
              42.100145999999995
            ],
            [
              -70.977132,
              42.100058
            ],
            [
              -70.97712899999999,
              42.099973
            ],
            [
              -70.97719099999999,
              42.099861999999995
            ],
            [
              -70.97717399999999,
              42.099779999999996
            ],
            [
              -70.977083,
              42.099720999999995
            ],
            [
              -70.977009,
              42.099616
            ],
            [
              -70.976953,
              42.099488
            ],
            [
              -70.976936,
              42.099384
            ],
            [
              -70.976862,
              42.099325
            ],
            [
              -70.97681899999999,
              42.099266
            ],
            [
              -70.97680199999999,
              42.0992
            ],
            [
              -70.976737,
              42.099151
            ],
            [
              -70.976733,
              42.099063
            ],
            [
              -70.976773,
              42.098945
            ],
            [
              -70.976739,
              42.098856999999995
            ],
            [
              -70.97669599999999,
              42.098782
            ],
            [
              -70.976674,
              42.098707
            ],
            [
              -70.976618,
              42.098661
            ],
            [
              -70.97650399999999,
              42.098631
            ],
            [
              -70.97628999999999,
              42.098515
            ],
            [
              -70.97626799999999,
              42.098484
            ],
            [
              -70.976238,
              42.098456
            ],
            [
              -70.976186,
              42.098442
            ],
            [
              -70.976164,
              42.098442999999996
            ],
            [
              -70.976107,
              42.098433
            ],
            [
              -70.976015,
              42.098393
            ],
            [
              -70.975954,
              42.098307999999996
            ],
            [
              -70.975933,
              42.09823
            ],
            [
              -70.97596399999999,
              42.098158
            ],
            [
              -70.975967,
              42.098116
            ],
            [
              -70.975965,
              42.098082999999995
            ],
            [
              -70.97594699999999,
              42.09804
            ],
            [
              -70.975887,
              42.097939
            ],
            [
              -70.975805,
              42.097784999999995
            ],
            [
              -70.975736,
              42.097674
            ],
            [
              -70.975672,
              42.097598999999995
            ],
            [
              -70.97563,
              42.097536999999996
            ],
            [
              -70.97561,
              42.097491999999995
            ],
            [
              -70.975321,
              42.096855
            ],
            [
              -70.975234,
              42.096638
            ],
            [
              -70.975072,
              42.096229
            ],
            [
              -70.975084,
              42.096153
            ],
            [
              -70.975113,
              42.095977999999995
            ],
            [
              -70.975188,
              42.095727
            ],
            [
              -70.975428,
              42.095386
            ],
            [
              -70.97545199999999,
              42.095352
            ],
            [
              -70.975518,
              42.095334
            ],
            [
              -70.975533,
              42.095315
            ],
            [
              -70.97550799999999,
              42.095296
            ],
            [
              -70.975433,
              42.095281
            ],
            [
              -70.975372,
              42.095217999999996
            ],
            [
              -70.97533299999999,
              42.095161
            ],
            [
              -70.97524299999999,
              42.095085
            ],
            [
              -70.975194,
              42.095014
            ],
            [
              -70.975179,
              42.094954
            ],
            [
              -70.97518,
              42.094816
            ],
            [
              -70.975182,
              42.094789999999996
            ],
            [
              -70.975212,
              42.09458
            ],
            [
              -70.975269,
              42.094435
            ],
            [
              -70.97537,
              42.094378999999996
            ],
            [
              -70.975391,
              42.094241
            ],
            [
              -70.975437,
              42.094181
            ],
            [
              -70.975453,
              42.094058
            ],
            [
              -70.975486,
              42.093699
            ],
            [
              -70.97546299999999,
              42.093469999999996
            ],
            [
              -70.975413,
              42.093357999999995
            ],
            [
              -70.97542,
              42.093204
            ],
            [
              -70.97545,
              42.092908
            ],
            [
              -70.975458,
              42.092833999999996
            ],
            [
              -70.975549,
              42.092774999999996
            ],
            [
              -70.97556399999999,
              42.092707999999995
            ],
            [
              -70.975605,
              42.092697
            ],
            [
              -70.9756,
              42.092648
            ],
            [
              -70.975596,
              42.092577
            ],
            [
              -70.97562599999999,
              42.092506
            ],
            [
              -70.975662,
              42.092416
            ],
            [
              -70.975697,
              42.092372999999995
            ],
            [
              -70.975703,
              42.092349
            ],
            [
              -70.97567699999999,
              42.092312
            ],
            [
              -70.975568,
              42.092259
            ],
            [
              -70.97551299999999,
              42.092225
            ],
            [
              -70.975509,
              42.092165
            ],
            [
              -70.975499,
              42.092113
            ],
            [
              -70.975342,
              42.091937
            ],
            [
              -70.975313,
              42.091812
            ],
            [
              -70.975306,
              42.091786
            ],
            [
              -70.97522599999999,
              42.091707
            ],
            [
              -70.975222,
              42.091643999999995
            ],
            [
              -70.97528799999999,
              42.091431
            ],
            [
              -70.97535599999999,
              42.091229
            ],
            [
              -70.975357,
              42.091136
            ],
            [
              -70.975297,
              42.090986
            ],
            [
              -70.975258,
              42.090880999999996
            ],
            [
              -70.975239,
              42.090787
            ],
            [
              -70.97525,
              42.090694
            ],
            [
              -70.97531,
              42.090644999999995
            ],
            [
              -70.975376,
              42.090607999999996
            ],
            [
              -70.975481,
              42.090616
            ],
            [
              -70.975543,
              42.090603
            ],
            [
              -70.97558699999999,
              42.090593999999996
            ],
            [
              -70.975612,
              42.090527
            ],
            [
              -70.975588,
              42.090444999999995
            ],
            [
              -70.975612,
              42.090362999999996
            ],
            [
              -70.97560399999999,
              42.09034
            ],
            [
              -70.975574,
              42.090306999999996
            ],
            [
              -70.975494,
              42.090261
            ],
            [
              -70.975445,
              42.090174999999995
            ],
            [
              -70.975465,
              42.090119
            ],
            [
              -70.975516,
              42.09007
            ],
            [
              -70.975605,
              42.090036
            ],
            [
              -70.975798,
              42.089963
            ],
            [
              -70.975864,
              42.0899
            ],
            [
              -70.975866,
              42.089833
            ],
            [
              -70.97587,
              42.089731
            ],
            [
              -70.97585699999999,
              42.089537
            ],
            [
              -70.975835,
              42.089478
            ],
            [
              -70.975788,
              42.089346
            ],
            [
              -70.975706,
              42.089248
            ],
            [
              -70.975678,
              42.089228999999996
            ],
            [
              -70.975628,
              42.08921
            ],
            [
              -70.97555799999999,
              42.08921
            ],
            [
              -70.97546799999999,
              42.089183
            ],
            [
              -70.97537299999999,
              42.089085999999995
            ],
            [
              -70.97532,
              42.088868999999995
            ],
            [
              -70.975276,
              42.088674
            ],
            [
              -70.97519299999999,
              42.088456
            ],
            [
              -70.975163,
              42.088339999999995
            ],
            [
              -70.97516999999999,
              42.088176
            ],
            [
              -70.975177,
              42.088100999999995
            ],
            [
              -70.97517599999999,
              42.088082
            ],
            [
              -70.975137,
              42.088049999999996
            ],
            [
              -70.975056,
              42.088018
            ],
            [
              -70.975002,
              42.087995
            ],
            [
              -70.974989,
              42.087965
            ],
            [
              -70.97498999999999,
              42.08793
            ],
            [
              -70.975034,
              42.08786
            ],
            [
              -70.9751,
              42.08777
            ],
            [
              -70.975185,
              42.087700999999996
            ],
            [
              -70.975257,
              42.087647
            ],
            [
              -70.975324,
              42.087557
            ],
            [
              -70.975358,
              42.087523999999995
            ],
            [
              -70.975369,
              42.087513
            ],
            [
              -70.975387,
              42.087496
            ],
            [
              -70.97546799999999,
              42.087464999999995
            ],
            [
              -70.975597,
              42.087447999999995
            ],
            [
              -70.975684,
              42.087423
            ],
            [
              -70.97581199999999,
              42.087435
            ],
            [
              -70.975915,
              42.087426
            ],
            [
              -70.975999,
              42.08739
            ],
            [
              -70.97607599999999,
              42.087348
            ],
            [
              -70.976128,
              42.087306999999996
            ],
            [
              -70.976212,
              42.087292999999995
            ],
            [
              -70.976299,
              42.087299
            ],
            [
              -70.97639,
              42.087297
            ],
            [
              -70.976471,
              42.087275999999996
            ],
            [
              -70.97652699999999,
              42.087239
            ],
            [
              -70.976528,
              42.087199
            ],
            [
              -70.976522,
              42.087146
            ],
            [
              -70.976326,
              42.084711
            ],
            [
              -70.97616599999999,
              42.082685
            ],
            [
              -70.976109,
              42.082017
            ],
            [
              -70.976067,
              42.081371
            ],
            [
              -70.97581199999999,
              42.078452
            ],
            [
              -70.975798,
              42.078184
            ],
            [
              -70.975707,
              42.077051999999995
            ],
            [
              -70.975509,
              42.074632
            ],
            [
              -70.975447,
              42.073848999999996
            ],
            [
              -70.975231,
              42.071177999999996
            ],
            [
              -70.976113,
              42.070817999999996
            ],
            [
              -70.97763499999999,
              42.070174
            ],
            [
              -70.980789,
              42.068858
            ],
            [
              -70.980851,
              42.068794
            ],
            [
              -70.982556,
              42.067045
            ],
            [
              -70.982714,
              42.066882
            ],
            [
              -70.982995,
              42.066595
            ],
            [
              -70.98437,
              42.065183
            ],
            [
              -70.987258,
              42.062218
            ],
            [
              -70.989919,
              42.059487
            ],
            [
              -70.989449,
              42.057285
            ],
            [
              -70.989182,
              42.056039
            ],
            [
              -70.988866,
              42.054556
            ],
            [
              -70.98737899999999,
              42.047598
            ],
            [
              -70.987206,
              42.046785
            ],
            [
              -70.987172,
              42.046624
            ],
            [
              -70.98715899999999,
              42.046568
            ],
            [
              -70.989428,
              42.04629
            ],
            [
              -70.996674,
              42.045401
            ],
            [
              -70.997109,
              42.045347
            ],
            [
              -70.99736899999999,
              42.045316
            ],
            [
              -71.003832,
              42.044523
            ],
            [
              -71.004958,
              42.044385
            ],
            [
              -71.005448,
              42.044323
            ],
            [
              -71.005549,
              42.044311
            ],
            [
              -71.005619,
              42.044301999999995
            ],
            [
              -71.00963999999999,
              42.043799
            ],
            [
              -71.011196,
              42.043605
            ],
            [
              -71.011437,
              42.043589
            ],
            [
              -71.01739599999999,
              42.042857
            ],
            [
              -71.01759299999999,
              42.042832
            ],
            [
              -71.022615,
              42.042215
            ],
            [
              -71.022924,
              42.042178
            ],
            [
              -71.022967,
              42.042376999999995
            ],
            [
              -71.023163,
              42.043257
            ],
            [
              -71.02322,
              42.043592
            ],
            [
              -71.023242,
              42.043617999999995
            ],
            [
              -71.023462,
              42.044613999999996
            ],
            [
              -71.02354199999999,
              42.044973
            ],
            [
              -71.02368899999999,
              42.045643
            ],
            [
              -71.02402,
              42.047142
            ],
            [
              -71.024244,
              42.048153
            ],
            [
              -71.024663,
              42.050049
            ],
            [
              -71.024968,
              42.051429
            ],
            [
              -71.02570899999999,
              42.054789
            ],
            [
              -71.025776,
              42.055088999999995
            ],
            [
              -71.02608599999999,
              42.055051
            ],
            [
              -71.028133,
              42.0548
            ],
            [
              -71.03012199999999,
              42.054556
            ],
            [
              -71.03075199999999,
              42.054477999999996
            ],
            [
              -71.032213,
              42.054299
            ],
            [
              -71.034279,
              42.054044999999995
            ],
            [
              -71.036396,
              42.053785999999995
            ],
            [
              -71.036474,
              42.053776
            ],
            [
              -71.038063,
              42.05358
            ],
            [
              -71.038597,
              42.053543
            ],
            [
              -71.04429499999999,
              42.052831999999995
            ],
            [
              -71.045762,
              42.052634
            ],
            [
              -71.046808,
              42.052505
            ],
            [
              -71.05106099999999,
              42.051983
            ],
            [
              -71.05268,
              42.051783
            ],
            [
              -71.055125,
              42.051483
            ],
            [
              -71.058041,
              42.051126
            ],
            [
              -71.058233,
              42.051102
            ],
            [
              -71.060323,
              42.050847
            ],
            [
              -71.065106,
              42.050245
            ],
            [
              -71.067117,
              42.050008999999996
            ],
            [
              -71.06959499999999,
              42.049704
            ],
            [
              -71.069608,
              42.04976
            ],
            [
              -71.06963499999999,
              42.049875
            ],
            [
              -71.07052,
              42.053613
            ],
            [
              -71.070808,
              42.05482
            ],
            [
              -71.070905,
              42.055226
            ],
            [
              -71.07112099999999,
              42.056131
            ],
            [
              -71.071197,
              42.056459
            ],
            [
              -71.071919,
              42.059492
            ],
            [
              -71.073741,
              42.067164
            ],
            [
              -71.07377,
              42.067288999999995
            ],
            [
              -71.073944,
              42.068011
            ],
            [
              -71.07408,
              42.068585999999996
            ],
            [
              -71.074206,
              42.069116
            ],
            [
              -71.074412,
              42.069983
            ],
            [
              -71.074448,
              42.07013
            ],
            [
              -71.074488,
              42.0703
            ],
            [
              -71.07451499999999,
              42.070417
            ],
            [
              -71.075645,
              42.075171
            ],
            [
              -71.07606899999999,
              42.076954
            ],
            [
              -71.07623099999999,
              42.077636999999996
            ],
            [
              -71.076415,
              42.078413999999995
            ],
            [
              -71.077593,
              42.083366
            ],
            [
              -71.077992,
              42.085054
            ],
            [
              -71.07855099999999,
              42.087401
            ],
            [
              -71.078752,
              42.088252
            ],
            [
              -71.078758,
              42.088274
            ],
            [
              -71.07878099999999,
              42.08838
            ],
            [
              -71.078862,
              42.088715
            ],
            [
              -71.07931599999999,
              42.090624999999996
            ],
            [
              -71.080445,
              42.095378
            ],
            [
              -71.080483,
              42.095538999999995
            ]
          ]
        ]
      }
    },
    {
      "type": "Feature",
      "properties": {
        "name": "Worcester",
        "full_name": "Worcester city",
        "gateway_city": true,
        "work_type": "Gateway Cities"
      },
      "geometry": {
        "type": "Polygon",
        "coordinates": [
          [
            [
              -71.88404299999999,
              42.281253
            ],
            [
              -71.883871,
              42.281358
            ],
            [
              -71.883161,
              42.281791999999996
            ],
            [
              -71.880684,
              42.283305999999996
            ],
            [
              -71.880377,
              42.283498
            ],
            [
              -71.878871,
              42.284427
            ],
            [
              -71.876791,
              42.285685
            ],
            [
              -71.875388,
              42.286544
            ],
            [
              -71.875238,
              42.286636
            ],
            [
              -71.872601,
              42.288249
            ],
            [
              -71.872513,
              42.288298999999995
            ],
            [
              -71.872066,
              42.288575
            ],
            [
              -71.871082,
              42.289176999999995
            ],
            [
              -71.870269,
              42.289674
            ],
            [
              -71.86823199999999,
              42.290918999999995
            ],
            [
              -71.866633,
              42.291896
            ],
            [
              -71.86522099999999,
              42.292761999999996
            ],
            [
              -71.863951,
              42.293538
            ],
            [
              -71.863627,
              42.293732
            ],
            [
              -71.863134,
              42.294036999999996
            ],
            [
              -71.862589,
              42.294364
            ],
            [
              -71.862138,
              42.294643
            ],
            [
              -71.859062,
              42.296523
            ],
            [
              -71.856096,
              42.298336
            ],
            [
              -71.850608,
              42.30169
            ],
            [
              -71.845416,
              42.304859
            ],
            [
              -71.840081,
              42.308122
            ],
            [
              -71.839919,
              42.308222
            ],
            [
              -71.83776399999999,
              42.309539
            ],
            [
              -71.837712,
              42.30957
            ],
            [
              -71.836972,
              42.310021
            ],
            [
              -71.834964,
              42.31125
            ],
            [
              -71.833861,
              42.311923
            ],
            [
              -71.831829,
              42.313164
            ],
            [
              -71.828863,
              42.314980999999996
            ],
            [
              -71.828637,
              42.315113
            ],
            [
              -71.82761599999999,
              42.315737
            ],
            [
              -71.826672,
              42.316313
            ],
            [
              -71.825908,
              42.31678
            ],
            [
              -71.82530299999999,
              42.317149
            ],
            [
              -71.82478499999999,
              42.317465
            ],
            [
              -71.824465,
              42.317661
            ],
            [
              -71.823669,
              42.318146
            ],
            [
              -71.822943,
              42.318588999999996
            ],
            [
              -71.818699,
              42.321180999999996
            ],
            [
              -71.81683,
              42.322292
            ],
            [
              -71.81334799999999,
              42.324487
            ],
            [
              -71.813333,
              42.32451
            ],
            [
              -71.81298199999999,
              42.324709
            ],
            [
              -71.812744,
              42.324853
            ],
            [
              -71.811865,
              42.325392
            ],
            [
              -71.80981799999999,
              42.326637999999996
            ],
            [
              -71.80827599999999,
              42.327569
            ],
            [
              -71.80635699999999,
              42.328722
            ],
            [
              -71.80378999999999,
              42.330282
            ],
            [
              -71.802042,
              42.331345
            ],
            [
              -71.801727,
              42.331565
            ],
            [
              -71.799252,
              42.333036
            ],
            [
              -71.799219,
              42.333054999999995
            ],
            [
              -71.799117,
              42.333116
            ],
            [
              -71.798695,
              42.333376
            ],
            [
              -71.794156,
              42.336148
            ],
            [
              -71.793533,
              42.336528
            ],
            [
              -71.793048,
              42.336824
            ],
            [
              -71.79164399999999,
              42.337683
            ],
            [
              -71.790751,
              42.338228
            ],
            [
              -71.788781,
              42.339428
            ],
            [
              -71.788697,
              42.339479999999995
            ],
            [
              -71.787382,
              42.34028
            ],
            [
              -71.786628,
              42.34074
            ],
            [
              -71.78616099999999,
              42.341024
            ],
            [
              -71.785894,
              42.341187
            ],
            [
              -71.78571,
              42.340823
            ],
            [
              -71.784584,
              42.338594
            ],
            [
              -71.784429,
              42.338287
            ],
            [
              -71.78425899999999,
              42.33795
            ],
            [
              -71.78323499999999,
              42.335913999999995
            ],
            [
              -71.782551,
              42.334590999999996
            ],
            [
              -71.779719,
              42.328962
            ],
            [
              -71.777256,
              42.325154999999995
            ],
            [
              -71.77571499999999,
              42.322772
            ],
            [
              -71.775125,
              42.321861
            ],
            [
              -71.77511,
              42.321836999999995
            ],
            [
              -71.774849,
              42.321433999999996
            ],
            [
              -71.77484,
              42.321421
            ],
            [
              -71.773988,
              42.320102
            ],
            [
              -71.77250099999999,
              42.317802
            ],
            [
              -71.771385,
              42.316078999999995
            ],
            [
              -71.770417,
              42.314583
            ],
            [
              -71.769592,
              42.313308
            ],
            [
              -71.76899,
              42.312377
            ],
            [
              -71.768267,
              42.31126
            ],
            [
              -71.76749199999999,
              42.310063
            ],
            [
              -71.767425,
              42.309948
            ],
            [
              -71.76687,
              42.3091
            ],
            [
              -71.765154,
              42.306432
            ],
            [
              -71.763556,
              42.303976
            ],
            [
              -71.763103,
              42.303256999999995
            ],
            [
              -71.762157,
              42.301832
            ],
            [
              -71.762157,
              42.301797
            ],
            [
              -71.762103,
              42.301668
            ],
            [
              -71.762028,
              42.301611
            ],
            [
              -71.761443,
              42.300708
            ],
            [
              -71.761307,
              42.300498999999995
            ],
            [
              -71.760701,
              42.299561
            ],
            [
              -71.760516,
              42.299293
            ],
            [
              -71.76001099999999,
              42.298494
            ],
            [
              -71.75918,
              42.297208
            ],
            [
              -71.75912,
              42.297115999999995
            ],
            [
              -71.75899799999999,
              42.296927
            ],
            [
              -71.758541,
              42.296220999999996
            ],
            [
              -71.758499,
              42.29598
            ],
            [
              -71.758325,
              42.294975
            ],
            [
              -71.75811,
              42.293746999999996
            ],
            [
              -71.758073,
              42.293532
            ],
            [
              -71.75791699999999,
              42.292635999999995
            ],
            [
              -71.75755099999999,
              42.290521
            ],
            [
              -71.75738299999999,
              42.289566
            ],
            [
              -71.757044,
              42.287627
            ],
            [
              -71.756852,
              42.286519
            ],
            [
              -71.756781,
              42.286151
            ],
            [
              -71.756632,
              42.285253999999995
            ],
            [
              -71.756558,
              42.284832
            ],
            [
              -71.756199,
              42.282767
            ],
            [
              -71.756073,
              42.282045
            ],
            [
              -71.756029,
              42.281791999999996
            ],
            [
              -71.756017,
              42.281728
            ],
            [
              -71.75600899999999,
              42.281670999999996
            ],
            [
              -71.755849,
              42.280753999999995
            ],
            [
              -71.755751,
              42.280195
            ],
            [
              -71.755709,
              42.279954
            ],
            [
              -71.75538,
              42.278064
            ],
            [
              -71.75508099999999,
              42.276343999999995
            ],
            [
              -71.754774,
              42.274584
            ],
            [
              -71.75474,
              42.274387
            ],
            [
              -71.754729,
              42.274324
            ],
            [
              -71.75469,
              42.274105
            ],
            [
              -71.75448,
              42.272876
            ],
            [
              -71.754327,
              42.272504999999995
            ],
            [
              -71.754205,
              42.27131
            ],
            [
              -71.754159,
              42.271046
            ],
            [
              -71.75362,
              42.267951
            ],
            [
              -71.753514,
              42.267492999999995
            ],
            [
              -71.75350499999999,
              42.267432
            ],
            [
              -71.753379,
              42.266565
            ],
            [
              -71.75286299999999,
              42.263596
            ],
            [
              -71.752782,
              42.263127999999995
            ],
            [
              -71.752269,
              42.260189
            ],
            [
              -71.75226599999999,
              42.260169
            ],
            [
              -71.75223799999999,
              42.260003
            ],
            [
              -71.752095,
              42.259187
            ],
            [
              -71.751924,
              42.258210999999996
            ],
            [
              -71.751791,
              42.257433
            ],
            [
              -71.751593,
              42.256301
            ],
            [
              -71.75151799999999,
              42.25587
            ],
            [
              -71.75146699999999,
              42.255739999999996
            ],
            [
              -71.751463,
              42.255556999999996
            ],
            [
              -71.75128,
              42.254498999999996
            ],
            [
              -71.751245,
              42.254449
            ],
            [
              -71.751192,
              42.254247
            ],
            [
              -71.751069,
              42.254034
            ],
            [
              -71.75056599999999,
              42.253043999999996
            ],
            [
              -71.749967,
              42.251813
            ],
            [
              -71.749455,
              42.250758
            ],
            [
              -71.74913,
              42.250093
            ],
            [
              -71.748482,
              42.248765
            ],
            [
              -71.748457,
              42.248712
            ],
            [
              -71.748286,
              42.248360999999996
            ],
            [
              -71.748221,
              42.248227
            ],
            [
              -71.748076,
              42.247931
            ],
            [
              -71.74687,
              42.245463
            ],
            [
              -71.746411,
              42.244519
            ],
            [
              -71.746211,
              42.244107
            ],
            [
              -71.746133,
              42.243950999999996
            ],
            [
              -71.746078,
              42.243838
            ],
            [
              -71.745751,
              42.243781999999996
            ],
            [
              -71.74548899999999,
              42.243736999999996
            ],
            [
              -71.7446,
              42.243584
            ],
            [
              -71.744114,
              42.243500000000004
            ],
            [
              -71.74322699999999,
              42.243348
            ],
            [
              -71.741961,
              42.24313
            ],
            [
              -71.741039,
              42.242971999999995
            ],
            [
              -71.739972,
              42.242787
            ],
            [
              -71.739086,
              42.242636
            ],
            [
              -71.73872,
              42.242573
            ],
            [
              -71.737819,
              42.242418
            ],
            [
              -71.733576,
              42.241689
            ],
            [
              -71.73284199999999,
              42.241561999999995
            ],
            [
              -71.73149099999999,
              42.24133
            ],
            [
              -71.731237,
              42.241285999999995
            ],
            [
              -71.731332,
              42.241141999999996
            ],
            [
              -71.732055,
              42.24005
            ],
            [
              -71.732591,
              42.239242
            ],
            [
              -71.733079,
              42.238504
            ],
            [
              -71.733429,
              42.237975
            ],
            [
              -71.734282,
              42.237601
            ],
            [
              -71.734982,
              42.237294999999996
            ],
            [
              -71.735339,
              42.237138
            ],
            [
              -71.74098699999999,
              42.234663
            ],
            [
              -71.74265299999999,
              42.233934
            ],
            [
              -71.745232,
              42.232804
            ],
            [
              -71.745356,
              42.232749999999996
            ],
            [
              -71.75188299999999,
              42.229887999999995
            ],
            [
              -71.751925,
              42.229869
            ],
            [
              -71.759653,
              42.226479999999995
            ],
            [
              -71.761712,
              42.225577
            ],
            [
              -71.765193,
              42.224050999999996
            ],
            [
              -71.765395,
              42.223962
            ],
            [
              -71.768973,
              42.222394
            ],
            [
              -71.775202,
              42.219660999999995
            ],
            [
              -71.775947,
              42.219333999999996
            ],
            [
              -71.77870399999999,
              42.218125
            ],
            [
              -71.77891199999999,
              42.218033
            ],
            [
              -71.779825,
              42.217634
            ],
            [
              -71.780123,
              42.217501999999996
            ],
            [
              -71.780303,
              42.217425
            ],
            [
              -71.783106,
              42.216194
            ],
            [
              -71.784547,
              42.215562999999996
            ],
            [
              -71.784606,
              42.215534999999996
            ],
            [
              -71.784666,
              42.215509999999995
            ],
            [
              -71.78474899999999,
              42.215474
            ],
            [
              -71.78488999999999,
              42.215412
            ],
            [
              -71.785127,
              42.215309
            ],
            [
              -71.785287,
              42.215238
            ],
            [
              -71.785727,
              42.215044999999996
            ],
            [
              -71.791804,
              42.212379999999996
            ],
            [
              -71.79413,
              42.21136
            ],
            [
              -71.79425599999999,
              42.211304999999996
            ],
            [
              -71.795013,
              42.210972
            ],
            [
              -71.797106,
              42.210052999999995
            ],
            [
              -71.797325,
              42.210341
            ],
            [
              -71.79760499999999,
              42.210811
            ],
            [
              -71.797862,
              42.211216
            ],
            [
              -71.79811699999999,
              42.21161
            ],
            [
              -71.79852,
              42.21228
            ],
            [
              -71.798677,
              42.212534
            ],
            [
              -71.798802,
              42.212734999999995
            ],
            [
              -71.799407,
              42.213709
            ],
            [
              -71.799673,
              42.214158999999995
            ],
            [
              -71.800985,
              42.216293
            ],
            [
              -71.80149399999999,
              42.21712
            ],
            [
              -71.801833,
              42.217670999999996
            ],
            [
              -71.802874,
              42.219350999999996
            ],
            [
              -71.802937,
              42.219467
            ],
            [
              -71.80299099999999,
              42.219556
            ],
            [
              -71.803834,
              42.220926
            ],
            [
              -71.804356,
              42.221458
            ],
            [
              -71.80544499999999,
              42.222569
            ],
            [
              -71.806258,
              42.223397
            ],
            [
              -71.80658,
              42.223724
            ],
            [
              -71.806715,
              42.223861
            ],
            [
              -71.80675099999999,
              42.223898
            ],
            [
              -71.806978,
              42.224409
            ],
            [
              -71.807043,
              42.224574
            ],
            [
              -71.808599,
              42.228038999999995
            ],
            [
              -71.80989199999999,
              42.230934
            ],
            [
              -71.810034,
              42.231262
            ],
            [
              -71.811861,
              42.231086
            ],
            [
              -71.812511,
              42.231021
            ],
            [
              -71.81315699999999,
              42.230958
            ],
            [
              -71.813625,
              42.230911
            ],
            [
              -71.814781,
              42.230796
            ],
            [
              -71.815523,
              42.230725
            ],
            [
              -71.815826,
              42.230695999999995
            ],
            [
              -71.81634,
              42.230646
            ],
            [
              -71.81741,
              42.230537999999996
            ],
            [
              -71.817542,
              42.230523999999996
            ],
            [
              -71.817773,
              42.230502
            ],
            [
              -71.819639,
              42.230317
            ],
            [
              -71.820304,
              42.230253
            ],
            [
              -71.820489,
              42.230235
            ],
            [
              -71.820797,
              42.230205999999995
            ],
            [
              -71.820858,
              42.230199
            ],
            [
              -71.82109299999999,
              42.230176
            ],
            [
              -71.821439,
              42.230142
            ],
            [
              -71.822853,
              42.230007
            ],
            [
              -71.822913,
              42.229996
            ],
            [
              -71.824617,
              42.229828999999995
            ],
            [
              -71.825079,
              42.229783
            ],
            [
              -71.825366,
              42.229755
            ],
            [
              -71.82571,
              42.229721999999995
            ],
            [
              -71.82653499999999,
              42.229639999999996
            ],
            [
              -71.827238,
              42.229572
            ],
            [
              -71.82803,
              42.229493
            ],
            [
              -71.828295,
              42.229467
            ],
            [
              -71.829065,
              42.229391
            ],
            [
              -71.82915899999999,
              42.229382
            ],
            [
              -71.829712,
              42.229327999999995
            ],
            [
              -71.830033,
              42.229295
            ],
            [
              -71.830997,
              42.229199
            ],
            [
              -71.832349,
              42.229071
            ],
            [
              -71.832477,
              42.229057999999995
            ],
            [
              -71.832871,
              42.229016
            ],
            [
              -71.833463,
              42.228957
            ],
            [
              -71.834255,
              42.22888
            ],
            [
              -71.83498399999999,
              42.228809
            ],
            [
              -71.835261,
              42.228781999999995
            ],
            [
              -71.83641399999999,
              42.228668
            ],
            [
              -71.837434,
              42.228567999999996
            ],
            [
              -71.838427,
              42.228468
            ],
            [
              -71.84259,
              42.228052999999996
            ],
            [
              -71.843332,
              42.227967
            ],
            [
              -71.843924,
              42.22793
            ],
            [
              -71.84466499999999,
              42.227855
            ],
            [
              -71.846187,
              42.227706999999995
            ],
            [
              -71.847388,
              42.227588
            ],
            [
              -71.848607,
              42.227466
            ],
            [
              -71.848914,
              42.227436
            ],
            [
              -71.850512,
              42.227278999999996
            ],
            [
              -71.852244,
              42.227109999999996
            ],
            [
              -71.853501,
              42.226984
            ],
            [
              -71.853914,
              42.226938
            ],
            [
              -71.85436399999999,
              42.2269
            ],
            [
              -71.855233,
              42.226813
            ],
            [
              -71.856154,
              42.226723
            ],
            [
              -71.85652499999999,
              42.226686
            ],
            [
              -71.856562,
              42.226683
            ],
            [
              -71.85663199999999,
              42.226676
            ],
            [
              -71.856764,
              42.226939
            ],
            [
              -71.856872,
              42.227154
            ],
            [
              -71.857837,
              42.229076
            ],
            [
              -71.858819,
              42.23092
            ],
            [
              -71.85986,
              42.2331
            ],
            [
              -71.859938,
              42.233263
            ],
            [
              -71.860277,
              42.233937
            ],
            [
              -71.860648,
              42.234677999999995
            ],
            [
              -71.861691,
              42.236754
            ],
            [
              -71.863033,
              42.239425
            ],
            [
              -71.863311,
              42.239975
            ],
            [
              -71.86355999999999,
              42.240471
            ],
            [
              -71.863595,
              42.240541
            ],
            [
              -71.863626,
              42.240601
            ],
            [
              -71.863686,
              42.240721
            ],
            [
              -71.863826,
              42.241003
            ],
            [
              -71.863987,
              42.241327
            ],
            [
              -71.864582,
              42.242509999999996
            ],
            [
              -71.865211,
              42.243764
            ],
            [
              -71.865859,
              42.245053
            ],
            [
              -71.86640799999999,
              42.246148
            ],
            [
              -71.866441,
              42.246213999999995
            ],
            [
              -71.86653199999999,
              42.246393999999995
            ],
            [
              -71.867015,
              42.247358
            ],
            [
              -71.868094,
              42.249503999999995
            ],
            [
              -71.87494199999999,
              42.263141
            ],
            [
              -71.875334,
              42.263917
            ],
            [
              -71.875367,
              42.263982999999996
            ],
            [
              -71.876693,
              42.266625999999995
            ],
            [
              -71.87672599999999,
              42.266692
            ],
            [
              -71.876939,
              42.267119
            ],
            [
              -71.87831,
              42.269845
            ],
            [
              -71.880758,
              42.274716999999995
            ],
            [
              -71.882018,
              42.277223
            ],
            [
              -71.882442,
              42.278067
            ],
            [
              -71.883299,
              42.279771
            ],
            [
              -71.883994,
              42.281157
            ],
            [
              -71.88404299999999,
              42.281253
            ]
          ]
        ]
      }
    },
    {
      "type": "Feature",
      "properties": {
        "name": "Springfield",
        "full_name": "Springfield city",
        "gateway_city": true,
        "work_type": "Gateway Cities"
      },
      "geometry": {
        "type": "Polygon",
        "coordinates": [
          [
            [
              -72.622131,
              42.121424
            ],
            [
              -72.621982,
              42.121803
            ],
            [
              -72.621932,
              42.122060999999995
            ],
            [
              -72.621858,
              42.122329
            ],
            [
              -72.621707,
              42.122777
            ],
            [
              -72.621595,
              42.123304999999995
            ],
            [
              -72.621528,
              42.123587
            ],
            [
              -72.621481,
              42.123788
            ],
            [
              -72.62104099999999,
              42.123947
            ],
            [
              -72.618771,
              42.124834
            ],
            [
              -72.61859799999999,
              42.124900000000004
            ],
            [
              -72.617974,
              42.125143
            ],
            [
              -72.613238,
              42.127142
            ],
            [
              -72.611612,
              42.127818
            ],
            [
              -72.60866299999999,
              42.129053
            ],
            [
              -72.608481,
              42.129129999999996
            ],
            [
              -72.608279,
              42.129216
            ],
            [
              -72.600241,
              42.132599
            ],
            [
              -72.60022099999999,
              42.132607
            ],
            [
              -72.598715,
              42.133238999999996
            ],
            [
              -72.59643,
              42.134206999999996
            ],
            [
              -72.595535,
              42.134572999999996
            ],
            [
              -72.595382,
              42.134646
            ],
            [
              -72.595362,
              42.134654
            ],
            [
              -72.594606,
              42.134966999999996
            ],
            [
              -72.59440099999999,
              42.135053
            ],
            [
              -72.593361,
              42.135487999999995
            ],
            [
              -72.59288099999999,
              42.135692
            ],
            [
              -72.591604,
              42.136237
            ],
            [
              -72.58793299999999,
              42.137792999999995
            ],
            [
              -72.585894,
              42.138632
            ],
            [
              -72.583162,
              42.139773999999996
            ],
            [
              -72.58279499999999,
              42.139927
            ],
            [
              -72.58263699999999,
              42.139993
            ],
            [
              -72.582208,
              42.140178999999996
            ],
            [
              -72.581958,
              42.140277
            ],
            [
              -72.58174,
              42.140370999999995
            ],
            [
              -72.581597,
              42.140429999999995
            ],
            [
              -72.581017,
              42.140682
            ],
            [
              -72.57847799999999,
              42.141737
            ],
            [
              -72.57708699999999,
              42.142325
            ],
            [
              -72.576717,
              42.14248
            ],
            [
              -72.57611299999999,
              42.142733
            ],
            [
              -72.575491,
              42.142994
            ],
            [
              -72.57502099999999,
              42.143192
            ],
            [
              -72.574722,
              42.143318
            ],
            [
              -72.574455,
              42.143429
            ],
            [
              -72.57384499999999,
              42.143685999999995
            ],
            [
              -72.57323699999999,
              42.143941
            ],
            [
              -72.572587,
              42.144214
            ],
            [
              -72.57197,
              42.144473
            ],
            [
              -72.571264,
              42.144769
            ],
            [
              -72.570527,
              42.145078
            ],
            [
              -72.57050199999999,
              42.145089
            ],
            [
              -72.569768,
              42.145396999999996
            ],
            [
              -72.568308,
              42.14601
            ],
            [
              -72.56809799999999,
              42.146097999999995
            ],
            [
              -72.568038,
              42.146122999999996
            ],
            [
              -72.567527,
              42.146338
            ],
            [
              -72.56718099999999,
              42.146482
            ],
            [
              -72.566919,
              42.146592999999996
            ],
            [
              -72.566706,
              42.146682
            ],
            [
              -72.566374,
              42.146820999999996
            ],
            [
              -72.56613899999999,
              42.14692
            ],
            [
              -72.565814,
              42.147057
            ],
            [
              -72.565474,
              42.147200000000005
            ],
            [
              -72.56517699999999,
              42.147324
            ],
            [
              -72.564892,
              42.147444
            ],
            [
              -72.56476599999999,
              42.147496
            ],
            [
              -72.564286,
              42.147698
            ],
            [
              -72.563379,
              42.14808
            ],
            [
              -72.563126,
              42.148185999999995
            ],
            [
              -72.56165899999999,
              42.1488
            ],
            [
              -72.561238,
              42.148976999999995
            ],
            [
              -72.560658,
              42.14922
            ],
            [
              -72.560227,
              42.149401
            ],
            [
              -72.558983,
              42.149926
            ],
            [
              -72.55793899999999,
              42.150361
            ],
            [
              -72.557197,
              42.150673
            ],
            [
              -72.55105499999999,
              42.153251
            ],
            [
              -72.54952899999999,
              42.153889
            ],
            [
              -72.54903999999999,
              42.154095
            ],
            [
              -72.548873,
              42.154164
            ],
            [
              -72.541665,
              42.157191
            ],
            [
              -72.541465,
              42.157272999999996
            ],
            [
              -72.541029,
              42.157453
            ],
            [
              -72.540815,
              42.157548999999996
            ],
            [
              -72.540798,
              42.157241
            ],
            [
              -72.540807,
              42.157039999999995
            ],
            [
              -72.540763,
              42.156724
            ],
            [
              -72.540735,
              42.156541999999995
            ],
            [
              -72.540703,
              42.156206
            ],
            [
              -72.540626,
              42.155941
            ],
            [
              -72.54057999999999,
              42.155727999999996
            ],
            [
              -72.540519,
              42.155623999999996
            ],
            [
              -72.540476,
              42.155529
            ],
            [
              -72.540323,
              42.155346
            ],
            [
              -72.539962,
              42.155077999999996
            ],
            [
              -72.53948199999999,
              42.154872
            ],
            [
              -72.539188,
              42.154823
            ],
            [
              -72.538789,
              42.154747
            ],
            [
              -72.53824399999999,
              42.154775
            ],
            [
              -72.537975,
              42.154807999999996
            ],
            [
              -72.53766399999999,
              42.154969
            ],
            [
              -72.537593,
              42.154992
            ],
            [
              -72.53736599999999,
              42.155172
            ],
            [
              -72.537222,
              42.155308
            ],
            [
              -72.536971,
              42.155732
            ],
            [
              -72.536874,
              42.156078
            ],
            [
              -72.536693,
              42.156579
            ],
            [
              -72.536626,
              42.156704
            ],
            [
              -72.536463,
              42.156963999999995
            ],
            [
              -72.536337,
              42.157128
            ],
            [
              -72.53608299999999,
              42.157351
            ],
            [
              -72.53580099999999,
              42.157478
            ],
            [
              -72.5355,
              42.157494
            ],
            [
              -72.535162,
              42.157488
            ],
            [
              -72.535001,
              42.157449
            ],
            [
              -72.534857,
              42.157413999999996
            ],
            [
              -72.53469299999999,
              42.157385
            ],
            [
              -72.534544,
              42.157364
            ],
            [
              -72.534277,
              42.157343999999995
            ],
            [
              -72.533956,
              42.157351
            ],
            [
              -72.533673,
              42.157343999999995
            ],
            [
              -72.533377,
              42.157365999999996
            ],
            [
              -72.532916,
              42.157463
            ],
            [
              -72.531989,
              42.157637
            ],
            [
              -72.531719,
              42.157668
            ],
            [
              -72.531219,
              42.157788
            ],
            [
              -72.530558,
              42.157938
            ],
            [
              -72.529797,
              42.158038999999995
            ],
            [
              -72.529082,
              42.158226
            ],
            [
              -72.528736,
              42.158305
            ],
            [
              -72.528404,
              42.158457999999996
            ],
            [
              -72.528183,
              42.158546
            ],
            [
              -72.527988,
              42.158623
            ],
            [
              -72.527226,
              42.158941
            ],
            [
              -72.52529899999999,
              42.159954
            ],
            [
              -72.52473599999999,
              42.160261
            ],
            [
              -72.52400399999999,
              42.160562
            ],
            [
              -72.523453,
              42.160775
            ],
            [
              -72.522566,
              42.161024999999995
            ],
            [
              -72.522008,
              42.161137
            ],
            [
              -72.52149899999999,
              42.161217
            ],
            [
              -72.521196,
              42.161228
            ],
            [
              -72.52085,
              42.161256
            ],
            [
              -72.52051999999999,
              42.161262
            ],
            [
              -72.520146,
              42.161282
            ],
            [
              -72.51948399999999,
              42.16122
            ],
            [
              -72.519243,
              42.161187999999996
            ],
            [
              -72.51915799999999,
              42.161170999999996
            ],
            [
              -72.517878,
              42.160956
            ],
            [
              -72.51678199999999,
              42.160827999999995
            ],
            [
              -72.51612399999999,
              42.160819
            ],
            [
              -72.51597699999999,
              42.160817
            ],
            [
              -72.515614,
              42.160823
            ],
            [
              -72.515339,
              42.160835999999996
            ],
            [
              -72.515005,
              42.160861
            ],
            [
              -72.514634,
              42.160841
            ],
            [
              -72.514444,
              42.160866
            ],
            [
              -72.514155,
              42.160905
            ],
            [
              -72.51383299999999,
              42.160931999999995
            ],
            [
              -72.513414,
              42.160906999999995
            ],
            [
              -72.513055,
              42.160824
            ],
            [
              -72.512819,
              42.160745
            ],
            [
              -72.512399,
              42.160633999999995
            ],
            [
              -72.512019,
              42.160559
            ],
            [
              -72.51156499999999,
              42.160484
            ],
            [
              -72.511481,
              42.160488
            ],
            [
              -72.511286,
              42.160494
            ],
            [
              -72.51100799999999,
              42.160505
            ],
            [
              -72.51075399999999,
              42.160483
            ],
            [
              -72.51052899999999,
              42.160539
            ],
            [
              -72.509931,
              42.160691
            ],
            [
              -72.509242,
              42.160819
            ],
            [
              -72.508355,
              42.161103
            ],
            [
              -72.508115,
              42.161203
            ],
            [
              -72.507713,
              42.16141
            ],
            [
              -72.506947,
              42.161766
            ],
            [
              -72.506565,
              42.161882999999996
            ],
            [
              -72.506221,
              42.162046
            ],
            [
              -72.506072,
              42.162076
            ],
            [
              -72.50583499999999,
              42.162113999999995
            ],
            [
              -72.505622,
              42.162172999999996
            ],
            [
              -72.505275,
              42.162208
            ],
            [
              -72.504864,
              42.162219
            ],
            [
              -72.504485,
              42.162214999999996
            ],
            [
              -72.50433799999999,
              42.162192
            ],
            [
              -72.50409499999999,
              42.162155
            ],
            [
              -72.503641,
              42.162081
            ],
            [
              -72.503248,
              42.162065
            ],
            [
              -72.502957,
              42.162014
            ],
            [
              -72.502882,
              42.162001
            ],
            [
              -72.502423,
              42.16187
            ],
            [
              -72.501913,
              42.161757
            ],
            [
              -72.50004299999999,
              42.161586
            ],
            [
              -72.498458,
              42.161497999999995
            ],
            [
              -72.497045,
              42.161338
            ],
            [
              -72.495734,
              42.161283
            ],
            [
              -72.494151,
              42.161232999999996
            ],
            [
              -72.493145,
              42.16122
            ],
            [
              -72.492532,
              42.161276
            ],
            [
              -72.491382,
              42.161452
            ],
            [
              -72.490864,
              42.161561999999996
            ],
            [
              -72.490366,
              42.161752
            ],
            [
              -72.489766,
              42.162059
            ],
            [
              -72.4894,
              42.162096999999996
            ],
            [
              -72.489251,
              42.162085999999995
            ],
            [
              -72.489051,
              42.161984
            ],
            [
              -72.48897,
              42.16186
            ],
            [
              -72.48892599999999,
              42.161564999999996
            ],
            [
              -72.48903,
              42.161255
            ],
            [
              -72.48926999999999,
              42.160728999999996
            ],
            [
              -72.489384,
              42.160441
            ],
            [
              -72.48948,
              42.160263
            ],
            [
              -72.489646,
              42.160084
            ],
            [
              -72.489685,
              42.160033
            ],
            [
              -72.489752,
              42.159898999999996
            ],
            [
              -72.489887,
              42.159684
            ],
            [
              -72.489874,
              42.159434
            ],
            [
              -72.48971999999999,
              42.15921
            ],
            [
              -72.489589,
              42.159136
            ],
            [
              -72.489465,
              42.159042
            ],
            [
              -72.489166,
              42.159033
            ],
            [
              -72.48889799999999,
              42.159064
            ],
            [
              -72.48857,
              42.15921
            ],
            [
              -72.487869,
              42.159799
            ],
            [
              -72.487629,
              42.159946
            ],
            [
              -72.48731599999999,
              42.15997
            ],
            [
              -72.486981,
              42.159942
            ],
            [
              -72.486786,
              42.159839
            ],
            [
              -72.486746,
              42.159777
            ],
            [
              -72.48668599999999,
              42.159679
            ],
            [
              -72.48663499999999,
              42.159506
            ],
            [
              -72.486662,
              42.159351
            ],
            [
              -72.48675,
              42.159236
            ],
            [
              -72.487004,
              42.15906
            ],
            [
              -72.487315,
              42.158964999999995
            ],
            [
              -72.48747,
              42.158913999999996
            ],
            [
              -72.487822,
              42.158750999999995
            ],
            [
              -72.488042,
              42.158521
            ],
            [
              -72.48812199999999,
              42.158305
            ],
            [
              -72.488159,
              42.158128999999995
            ],
            [
              -72.4881,
              42.157962
            ],
            [
              -72.487585,
              42.157522
            ],
            [
              -72.487185,
              42.157297
            ],
            [
              -72.48695699999999,
              42.157208
            ],
            [
              -72.486826,
              42.15716
            ],
            [
              -72.486508,
              42.157074
            ],
            [
              -72.48638,
              42.157024
            ],
            [
              -72.486235,
              42.156968
            ],
            [
              -72.486159,
              42.156937
            ],
            [
              -72.485784,
              42.156821
            ],
            [
              -72.485312,
              42.156670999999996
            ],
            [
              -72.485119,
              42.156625999999996
            ],
            [
              -72.484934,
              42.156577999999996
            ],
            [
              -72.484708,
              42.156538
            ],
            [
              -72.484595,
              42.156524
            ],
            [
              -72.48446299999999,
              42.155964999999995
            ],
            [
              -72.484397,
              42.155623
            ],
            [
              -72.48433899999999,
              42.155339999999995
            ],
            [
              -72.4841,
              42.154164
            ],
            [
              -72.48392,
              42.153228999999996
            ],
            [
              -72.483406,
              42.150726
            ],
            [
              -72.483375,
              42.150569999999995
            ],
            [
              -72.48304,
              42.148893
            ],
            [
              -72.482862,
              42.148029
            ],
            [
              -72.482822,
              42.147835
            ],
            [
              -72.482522,
              42.14635
            ],
            [
              -72.482508,
              42.146297
            ],
            [
              -72.48239199999999,
              42.145714
            ],
            [
              -72.482252,
              42.14501
            ],
            [
              -72.481994,
              42.143736
            ],
            [
              -72.481861,
              42.143055
            ],
            [
              -72.48175499999999,
              42.142547
            ],
            [
              -72.48161999999999,
              42.141881999999995
            ],
            [
              -72.481509,
              42.141335999999995
            ],
            [
              -72.48123799999999,
              42.139995
            ],
            [
              -72.481127,
              42.139444
            ],
            [
              -72.480972,
              42.138673999999995
            ],
            [
              -72.480836,
              42.137985
            ],
            [
              -72.48071399999999,
              42.137404
            ],
            [
              -72.480459,
              42.136133
            ],
            [
              -72.480294,
              42.135312
            ],
            [
              -72.48013499999999,
              42.134516999999995
            ],
            [
              -72.480102,
              42.13436
            ],
            [
              -72.479931,
              42.13352
            ],
            [
              -72.479681,
              42.132284
            ],
            [
              -72.479412,
              42.130953
            ],
            [
              -72.479139,
              42.1296
            ],
            [
              -72.478737,
              42.127607
            ],
            [
              -72.47855299999999,
              42.126684
            ],
            [
              -72.478382,
              42.125848999999995
            ],
            [
              -72.478116,
              42.124536
            ],
            [
              -72.477847,
              42.123202
            ],
            [
              -72.47776499999999,
              42.122778
            ],
            [
              -72.47749499999999,
              42.12146
            ],
            [
              -72.477432,
              42.121128999999996
            ],
            [
              -72.477158,
              42.119789999999995
            ],
            [
              -72.477138,
              42.119682
            ],
            [
              -72.476869,
              42.118356999999996
            ],
            [
              -72.476646,
              42.117253999999996
            ],
            [
              -72.476513,
              42.116594
            ],
            [
              -72.47650399999999,
              42.116547999999995
            ],
            [
              -72.476434,
              42.116205
            ],
            [
              -72.47637,
              42.115885999999996
            ],
            [
              -72.47630099999999,
              42.115549
            ],
            [
              -72.476235,
              42.115221
            ],
            [
              -72.476167,
              42.114883999999996
            ],
            [
              -72.47609899999999,
              42.114546999999995
            ],
            [
              -72.476032,
              42.114214
            ],
            [
              -72.475965,
              42.113881
            ],
            [
              -72.475898,
              42.113551
            ],
            [
              -72.47583,
              42.113216
            ],
            [
              -72.475763,
              42.112881
            ],
            [
              -72.47569399999999,
              42.112541
            ],
            [
              -72.475628,
              42.112215
            ],
            [
              -72.47556,
              42.111878999999995
            ],
            [
              -72.475493,
              42.111547
            ],
            [
              -72.475425,
              42.111208999999995
            ],
            [
              -72.47535599999999,
              42.110869
            ],
            [
              -72.47529,
              42.110541
            ],
            [
              -72.475222,
              42.110203999999996
            ],
            [
              -72.475155,
              42.109873
            ],
            [
              -72.475088,
              42.109539
            ],
            [
              -72.475021,
              42.109207
            ],
            [
              -72.474952,
              42.108864
            ],
            [
              -72.47488299999999,
              42.108523
            ],
            [
              -72.474817,
              42.108197
            ],
            [
              -72.474749,
              42.107862
            ],
            [
              -72.47468099999999,
              42.107524
            ],
            [
              -72.474614,
              42.107191
            ],
            [
              -72.474546,
              42.106854999999996
            ],
            [
              -72.47448,
              42.106527
            ],
            [
              -72.474412,
              42.106190999999995
            ],
            [
              -72.474345,
              42.105863
            ],
            [
              -72.474277,
              42.105523999999996
            ],
            [
              -72.474212,
              42.105202999999996
            ],
            [
              -72.474144,
              42.104866
            ],
            [
              -72.474076,
              42.104527999999995
            ],
            [
              -72.474019,
              42.10425
            ],
            [
              -72.473955,
              42.103929
            ],
            [
              -72.473886,
              42.103587999999995
            ],
            [
              -72.473823,
              42.103274
            ],
            [
              -72.473804,
              42.103179999999995
            ],
            [
              -72.473666,
              42.102498999999995
            ],
            [
              -72.47352699999999,
              42.101811
            ],
            [
              -72.47339199999999,
              42.101141
            ],
            [
              -72.473254,
              42.100457999999996
            ],
            [
              -72.473118,
              42.099782999999995
            ],
            [
              -72.472983,
              42.099117
            ],
            [
              -72.472844,
              42.098427
            ],
            [
              -72.472708,
              42.097756
            ],
            [
              -72.472569,
              42.097068
            ],
            [
              -72.472438,
              42.096388999999995
            ],
            [
              -72.472359,
              42.096030999999996
            ],
            [
              -72.472274,
              42.09556
            ],
            [
              -72.47116799999999,
              42.090101
            ],
            [
              -72.471087,
              42.089721999999995
            ],
            [
              -72.47216399999999,
              42.089593
            ],
            [
              -72.473379,
              42.089431
            ],
            [
              -72.473435,
              42.089425
            ],
            [
              -72.47564799999999,
              42.089148
            ],
            [
              -72.47626,
              42.089064
            ],
            [
              -72.476353,
              42.089053
            ],
            [
              -72.47962199999999,
              42.088637999999996
            ],
            [
              -72.48020799999999,
              42.088561999999996
            ],
            [
              -72.485224,
              42.087922999999996
            ],
            [
              -72.485993,
              42.087826
            ],
            [
              -72.48610099999999,
              42.087813
            ],
            [
              -72.486965,
              42.087702
            ],
            [
              -72.487781,
              42.087585
            ],
            [
              -72.489267,
              42.087409
            ],
            [
              -72.490967,
              42.087193
            ],
            [
              -72.49110999999999,
              42.087174999999995
            ],
            [
              -72.491761,
              42.087092
            ],
            [
              -72.494406,
              42.086755
            ],
            [
              -72.49687399999999,
              42.086441
            ],
            [
              -72.499313,
              42.086129
            ],
            [
              -72.49945,
              42.086112
            ],
            [
              -72.50161899999999,
              42.085847
            ],
            [
              -72.501922,
              42.085809
            ],
            [
              -72.50244599999999,
              42.085746
            ],
            [
              -72.502878,
              42.08569
            ],
            [
              -72.503199,
              42.085649
            ],
            [
              -72.50352,
              42.085612999999995
            ],
            [
              -72.503798,
              42.085577
            ],
            [
              -72.507857,
              42.085083999999995
            ],
            [
              -72.50864399999999,
              42.084992
            ],
            [
              -72.510004,
              42.084824
            ],
            [
              -72.511547,
              42.084632
            ],
            [
              -72.511629,
              42.084621999999996
            ],
            [
              -72.511941,
              42.084586
            ],
            [
              -72.51608999999999,
              42.084086
            ],
            [
              -72.516967,
              42.083966
            ],
            [
              -72.51911199999999,
              42.083704999999995
            ],
            [
              -72.521244,
              42.083447
            ],
            [
              -72.52217499999999,
              42.083332
            ],
            [
              -72.52229799999999,
              42.083315999999996
            ],
            [
              -72.526743,
              42.08277
            ],
            [
              -72.528275,
              42.082581999999995
            ],
            [
              -72.529648,
              42.082415
            ],
            [
              -72.530649,
              42.082293
            ],
            [
              -72.53163599999999,
              42.08217
            ],
            [
              -72.53247,
              42.082073
            ],
            [
              -72.533355,
              42.081964
            ],
            [
              -72.534358,
              42.081835
            ],
            [
              -72.535608,
              42.081691
            ],
            [
              -72.536436,
              42.081581
            ],
            [
              -72.537398,
              42.081466999999996
            ],
            [
              -72.53829,
              42.081358
            ],
            [
              -72.53940899999999,
              42.081222
            ],
            [
              -72.539553,
              42.081208
            ],
            [
              -72.539684,
              42.081184
            ],
            [
              -72.539371,
              42.079606
            ],
            [
              -72.539131,
              42.078243
            ],
            [
              -72.53881799999999,
              42.07647
            ],
            [
              -72.53868899999999,
              42.075738
            ],
            [
              -72.53837399999999,
              42.073951
            ],
            [
              -72.53825599999999,
              42.073281
            ],
            [
              -72.538133,
              42.072582
            ],
            [
              -72.53801299999999,
              42.071901
            ],
            [
              -72.537893,
              42.071221
            ],
            [
              -72.537774,
              42.070543
            ],
            [
              -72.537475,
              42.068847999999996
            ],
            [
              -72.5372,
              42.06725
            ],
            [
              -72.537179,
              42.067143
            ],
            [
              -72.53712999999999,
              42.066857999999996
            ],
            [
              -72.536895,
              42.065492
            ],
            [
              -72.536639,
              42.063736
            ],
            [
              -72.536852,
              42.063772
            ],
            [
              -72.53952699999999,
              42.064195
            ],
            [
              -72.541228,
              42.064465999999996
            ],
            [
              -72.546313,
              42.065276
            ],
            [
              -72.552555,
              42.066269999999996
            ],
            [
              -72.55552899999999,
              42.066735
            ],
            [
              -72.558386,
              42.067191
            ],
            [
              -72.55938499999999,
              42.067347
            ],
            [
              -72.561193,
              42.067639
            ],
            [
              -72.562502,
              42.067848999999995
            ],
            [
              -72.56445599999999,
              42.068159
            ],
            [
              -72.56633699999999,
              42.068455
            ],
            [
              -72.56821099999999,
              42.068757
            ],
            [
              -72.569501,
              42.068959
            ],
            [
              -72.570805,
              42.069171
            ],
            [
              -72.57289,
              42.069492
            ],
            [
              -72.574,
              42.069672999999995
            ],
            [
              -72.57554999999999,
              42.069914999999995
            ],
            [
              -72.580642,
              42.070723
            ],
            [
              -72.582325,
              42.070994
            ],
            [
              -72.585348,
              42.071475
            ],
            [
              -72.587188,
              42.071768999999996
            ],
            [
              -72.58738,
              42.071791999999995
            ],
            [
              -72.587575,
              42.071822999999995
            ],
            [
              -72.587989,
              42.071897
            ],
            [
              -72.589103,
              42.072134999999996
            ],
            [
              -72.589401,
              42.072268
            ],
            [
              -72.58935699999999,
              42.072326
            ],
            [
              -72.589056,
              42.072739999999996
            ],
            [
              -72.588765,
              42.073164
            ],
            [
              -72.587891,
              42.074138999999995
            ],
            [
              -72.587002,
              42.075131
            ],
            [
              -72.58565999999999,
              42.076307
            ],
            [
              -72.584434,
              42.077402
            ],
            [
              -72.58425799999999,
              42.07754
            ],
            [
              -72.584177,
              42.077602
            ],
            [
              -72.584051,
              42.0777
            ],
            [
              -72.583844,
              42.077888
            ],
            [
              -72.583722,
              42.077991
            ],
            [
              -72.583437,
              42.078302
            ],
            [
              -72.583418,
              42.078402
            ],
            [
              -72.583323,
              42.078511999999996
            ],
            [
              -72.58317699999999,
              42.078672
            ],
            [
              -72.583024,
              42.078889
            ],
            [
              -72.582954,
              42.079072
            ],
            [
              -72.58267099999999,
              42.079518
            ],
            [
              -72.582664,
              42.080020999999995
            ],
            [
              -72.582535,
              42.080686
            ],
            [
              -72.58269299999999,
              42.081558
            ],
            [
              -72.582715,
              42.081643
            ],
            [
              -72.58411199999999,
              42.086997
            ],
            [
              -72.584493,
              42.087736
            ],
            [
              -72.584819,
              42.088488
            ],
            [
              -72.584912,
              42.088843
            ],
            [
              -72.58511899999999,
              42.089082
            ],
            [
              -72.585219,
              42.089345
            ],
            [
              -72.585588,
              42.089847999999996
            ],
            [
              -72.585619,
              42.090019999999996
            ],
            [
              -72.585803,
              42.090202
            ],
            [
              -72.585934,
              42.090396999999996
            ],
            [
              -72.58610399999999,
              42.090582999999995
            ],
            [
              -72.58681899999999,
              42.091367
            ],
            [
              -72.58723499999999,
              42.091823
            ],
            [
              -72.587648,
              42.092276999999996
            ],
            [
              -72.587936,
              42.092593
            ],
            [
              -72.58816,
              42.092839
            ],
            [
              -72.588487,
              42.093212
            ],
            [
              -72.588523,
              42.093235
            ],
            [
              -72.588531,
              42.093244
            ],
            [
              -72.58856899999999,
              42.093281999999995
            ],
            [
              -72.589822,
              42.094525
            ],
            [
              -72.591475,
              42.096163999999995
            ],
            [
              -72.59199,
              42.096728999999996
            ],
            [
              -72.592049,
              42.096793
            ],
            [
              -72.592636,
              42.097437
            ],
            [
              -72.592882,
              42.097597
            ],
            [
              -72.59308899999999,
              42.097786
            ],
            [
              -72.59351099999999,
              42.098079999999996
            ],
            [
              -72.59495,
              42.099081
            ],
            [
              -72.595028,
              42.099135
            ],
            [
              -72.596321,
              42.100038999999995
            ],
            [
              -72.596353,
              42.100058
            ],
            [
              -72.59676499999999,
              42.100344
            ],
            [
              -72.597251,
              42.100623999999996
            ],
            [
              -72.597949,
              42.101017
            ],
            [
              -72.598287,
              42.101183
            ],
            [
              -72.598398,
              42.101242
            ],
            [
              -72.598417,
              42.101253
            ],
            [
              -72.599195,
              42.101614
            ],
            [
              -72.60031,
              42.102131
            ],
            [
              -72.601077,
              42.102466
            ],
            [
              -72.60197699999999,
              42.102826
            ],
            [
              -72.603775,
              42.10347
            ],
            [
              -72.603791,
              42.103476
            ],
            [
              -72.604039,
              42.103578
            ],
            [
              -72.604222,
              42.10364
            ],
            [
              -72.604979,
              42.103946
            ],
            [
              -72.608736,
              42.105467
            ],
            [
              -72.610597,
              42.106389
            ],
            [
              -72.612064,
              42.107257
            ],
            [
              -72.612464,
              42.107541
            ],
            [
              -72.61316,
              42.107966999999995
            ],
            [
              -72.613653,
              42.108315
            ],
            [
              -72.614195,
              42.108722
            ],
            [
              -72.615209,
              42.10948
            ],
            [
              -72.615425,
              42.109702999999996
            ],
            [
              -72.6157,
              42.110009999999996
            ],
            [
              -72.616272,
              42.110661
            ],
            [
              -72.617176,
              42.111717
            ],
            [
              -72.617693,
              42.112367
            ],
            [
              -72.61865399999999,
              42.113482999999995
            ],
            [
              -72.619128,
              42.113997
            ],
            [
              -72.620554,
              42.11571
            ],
            [
              -72.620946,
              42.116381
            ],
            [
              -72.621568,
              42.118305
            ],
            [
              -72.62198699999999,
              42.119718
            ],
            [
              -72.622132,
              42.120359
            ],
            [
              -72.622131,
              42.121424
            ]
          ]
        ]
      }
    },
    {
      "type": "Feature",
      "properties": {
        "name": "Lawrence",
        "full_name": "Lawrence city",
        "gateway_city": true,
        "work_type": "Gateway Cities"
      },
      "geometry": {
        "type": "Polygon",
        "coordinates": [
          [
            [
              -71.191212,
              42.71057
            ],
            [
              -71.190924,
              42.71074
            ],
            [
              -71.190015,
              42.711278
            ],
            [
              -71.18858,
              42.712122
            ],
            [
              -71.187883,
              42.712528
            ],
            [
              -71.187206,
              42.71293
            ],
            [
              -71.187054,
              42.713015999999996
            ],
            [
              -71.186932,
              42.713087
            ],
            [
              -71.18667599999999,
              42.713238
            ],
            [
              -71.18615799999999,
              42.713543
            ],
            [
              -71.185192,
              42.714110999999995
            ],
            [
              -71.184736,
              42.714377
            ],
            [
              -71.18359,
              42.715053999999995
            ],
            [
              -71.183142,
              42.715314
            ],
            [
              -71.182789,
              42.715522
            ],
            [
              -71.182498,
              42.715694
            ],
            [
              -71.18245399999999,
              42.715719
            ],
            [
              -71.18238199999999,
              42.715762
            ],
            [
              -71.181231,
              42.716440999999996
            ],
            [
              -71.181038,
              42.716555
            ],
            [
              -71.18093999999999,
              42.716611
            ],
            [
              -71.18068199999999,
              42.716758
            ],
            [
              -71.18011,
              42.717096
            ],
            [
              -71.178829,
              42.717856
            ],
            [
              -71.176728,
              42.719086999999995
            ],
            [
              -71.176662,
              42.71913
            ],
            [
              -71.176034,
              42.719499
            ],
            [
              -71.175961,
              42.719538
            ],
            [
              -71.175054,
              42.720071
            ],
            [
              -71.175001,
              42.720102
            ],
            [
              -71.174894,
              42.720165
            ],
            [
              -71.174869,
              42.720183
            ],
            [
              -71.17459699999999,
              42.72034
            ],
            [
              -71.174415,
              42.720447
            ],
            [
              -71.173866,
              42.720774
            ],
            [
              -71.173141,
              42.721201
            ],
            [
              -71.172415,
              42.721621999999996
            ],
            [
              -71.172381,
              42.721641
            ],
            [
              -71.172417,
              42.72166
            ],
            [
              -71.17115199999999,
              42.723005
            ],
            [
              -71.170878,
              42.723296999999995
            ],
            [
              -71.169578,
              42.72264
            ],
            [
              -71.168972,
              42.722348
            ],
            [
              -71.168954,
              42.722367999999996
            ],
            [
              -71.16807,
              42.722345
            ],
            [
              -71.167487,
              42.722328999999995
            ],
            [
              -71.166918,
              42.722314
            ],
            [
              -71.16641899999999,
              42.722300000000004
            ],
            [
              -71.16569299999999,
              42.722296
            ],
            [
              -71.164722,
              42.722263999999996
            ],
            [
              -71.163579,
              42.722224
            ],
            [
              -71.162708,
              42.7222
            ],
            [
              -71.162211,
              42.722187
            ],
            [
              -71.161906,
              42.722178
            ],
            [
              -71.161367,
              42.722164
            ],
            [
              -71.160664,
              42.722145
            ],
            [
              -71.16023899999999,
              42.722134
            ],
            [
              -71.159835,
              42.722121
            ],
            [
              -71.15840399999999,
              42.722086999999995
            ],
            [
              -71.158345,
              42.722085
            ],
            [
              -71.157707,
              42.722072
            ],
            [
              -71.15749,
              42.722055999999995
            ],
            [
              -71.156672,
              42.722035
            ],
            [
              -71.156024,
              42.722023
            ],
            [
              -71.15408,
              42.721968
            ],
            [
              -71.15319099999999,
              42.721942999999996
            ],
            [
              -71.15219499999999,
              42.72192
            ],
            [
              -71.151595,
              42.721903999999995
            ],
            [
              -71.150412,
              42.721866
            ],
            [
              -71.14913,
              42.721830999999995
            ],
            [
              -71.147646,
              42.721790999999996
            ],
            [
              -71.14675299999999,
              42.721767
            ],
            [
              -71.146486,
              42.721759999999996
            ],
            [
              -71.145888,
              42.721744
            ],
            [
              -71.145656,
              42.721737999999995
            ],
            [
              -71.14505199999999,
              42.721728
            ],
            [
              -71.144207,
              42.721716
            ],
            [
              -71.143389,
              42.721688
            ],
            [
              -71.142895,
              42.721658999999995
            ],
            [
              -71.142521,
              42.721654
            ],
            [
              -71.14191799999999,
              42.72164
            ],
            [
              -71.139198,
              42.721562999999996
            ],
            [
              -71.138545,
              42.72154
            ],
            [
              -71.138254,
              42.72152
            ],
            [
              -71.137316,
              42.721516
            ],
            [
              -71.13677899999999,
              42.721498
            ],
            [
              -71.136149,
              42.721481
            ],
            [
              -71.13552899999999,
              42.721463
            ],
            [
              -71.13514099999999,
              42.721475
            ],
            [
              -71.134198,
              42.721505
            ],
            [
              -71.13420599999999,
              42.721492
            ],
            [
              -71.13421799999999,
              42.721477
            ],
            [
              -71.13422899999999,
              42.721461999999995
            ],
            [
              -71.134261,
              42.721419
            ],
            [
              -71.13427999999999,
              42.721396
            ],
            [
              -71.134298,
              42.721371999999995
            ],
            [
              -71.134458,
              42.721162
            ],
            [
              -71.134587,
              42.720881999999996
            ],
            [
              -71.134636,
              42.720774
            ],
            [
              -71.134823,
              42.720358
            ],
            [
              -71.134909,
              42.719891
            ],
            [
              -71.134979,
              42.719451
            ],
            [
              -71.13498799999999,
              42.718894
            ],
            [
              -71.13496599999999,
              42.718222
            ],
            [
              -71.134874,
              42.717698
            ],
            [
              -71.134788,
              42.71736
            ],
            [
              -71.13475799999999,
              42.717271
            ],
            [
              -71.134559,
              42.716747999999995
            ],
            [
              -71.134305,
              42.716128
            ],
            [
              -71.13401999999999,
              42.715536
            ],
            [
              -71.1339,
              42.715232
            ],
            [
              -71.133843,
              42.715086
            ],
            [
              -71.133674,
              42.714470999999996
            ],
            [
              -71.13358199999999,
              42.713919
            ],
            [
              -71.133498,
              42.713549
            ],
            [
              -71.133482,
              42.713251
            ],
            [
              -71.133468,
              42.712989
            ],
            [
              -71.13346,
              42.712848
            ],
            [
              -71.133454,
              42.71248
            ],
            [
              -71.133524,
              42.712044
            ],
            [
              -71.133618,
              42.711435
            ],
            [
              -71.133758,
              42.710938
            ],
            [
              -71.133956,
              42.710414
            ],
            [
              -71.134224,
              42.709911
            ],
            [
              -71.13454999999999,
              42.709415
            ],
            [
              -71.13488699999999,
              42.708982999999996
            ],
            [
              -71.134969,
              42.708878
            ],
            [
              -71.13505599999999,
              42.70877
            ],
            [
              -71.135286,
              42.708472
            ],
            [
              -71.13548,
              42.708256
            ],
            [
              -71.135666,
              42.708044
            ],
            [
              -71.135879,
              42.707730999999995
            ],
            [
              -71.13593399999999,
              42.707647
            ],
            [
              -71.136292,
              42.707214
            ],
            [
              -71.136607,
              42.706993999999995
            ],
            [
              -71.136875,
              42.706801999999996
            ],
            [
              -71.13728499999999,
              42.70664
            ],
            [
              -71.13741,
              42.706585
            ],
            [
              -71.137559,
              42.706525
            ],
            [
              -71.13755499999999,
              42.706305
            ],
            [
              -71.137546,
              42.705867999999995
            ],
            [
              -71.137541,
              42.705607
            ],
            [
              -71.13753799999999,
              42.705467
            ],
            [
              -71.137536,
              42.705407
            ],
            [
              -71.13752699999999,
              42.705026
            ],
            [
              -71.137526,
              42.704937
            ],
            [
              -71.137525,
              42.704834999999996
            ],
            [
              -71.137525,
              42.704806
            ],
            [
              -71.137203,
              42.704476
            ],
            [
              -71.13711599999999,
              42.704387
            ],
            [
              -71.137242,
              42.704319999999996
            ],
            [
              -71.137755,
              42.704056
            ],
            [
              -71.138178,
              42.703862
            ],
            [
              -71.139088,
              42.703485
            ],
            [
              -71.13932299999999,
              42.703404
            ],
            [
              -71.139419,
              42.7034
            ],
            [
              -71.13946299999999,
              42.703398
            ],
            [
              -71.139771,
              42.703385999999995
            ],
            [
              -71.139839,
              42.703382999999995
            ],
            [
              -71.139965,
              42.703379999999996
            ],
            [
              -71.140022,
              42.703378
            ],
            [
              -71.140326,
              42.703365999999995
            ],
            [
              -71.140384,
              42.703364
            ],
            [
              -71.14089,
              42.703345
            ],
            [
              -71.140945,
              42.703196
            ],
            [
              -71.140971,
              42.703126999999995
            ],
            [
              -71.141004,
              42.703038
            ],
            [
              -71.141082,
              42.702833
            ],
            [
              -71.14161,
              42.701426
            ],
            [
              -71.141961,
              42.700483999999996
            ],
            [
              -71.14222699999999,
              42.699771999999996
            ],
            [
              -71.142372,
              42.699383999999995
            ],
            [
              -71.14277799999999,
              42.698923
            ],
            [
              -71.143678,
              42.699078
            ],
            [
              -71.143785,
              42.699152
            ],
            [
              -71.14383,
              42.699183999999995
            ],
            [
              -71.143902,
              42.699205
            ],
            [
              -71.143992,
              42.699222
            ],
            [
              -71.14403,
              42.699213
            ],
            [
              -71.14407,
              42.699205
            ],
            [
              -71.14408399999999,
              42.699180999999996
            ],
            [
              -71.144099,
              42.699169999999995
            ],
            [
              -71.144155,
              42.699166
            ],
            [
              -71.144176,
              42.699191
            ],
            [
              -71.14419,
              42.699207
            ],
            [
              -71.14420799999999,
              42.699264
            ],
            [
              -71.144438,
              42.699273999999996
            ],
            [
              -71.14455,
              42.699245999999995
            ],
            [
              -71.144655,
              42.699200999999995
            ],
            [
              -71.144845,
              42.698996
            ],
            [
              -71.144857,
              42.698985
            ],
            [
              -71.144871,
              42.698972999999995
            ],
            [
              -71.144896,
              42.698856
            ],
            [
              -71.144952,
              42.698805
            ],
            [
              -71.144947,
              42.698766
            ],
            [
              -71.144976,
              42.698746
            ],
            [
              -71.145035,
              42.698751
            ],
            [
              -71.145093,
              42.698737
            ],
            [
              -71.145134,
              42.698716999999995
            ],
            [
              -71.14519,
              42.698709
            ],
            [
              -71.145217,
              42.698716
            ],
            [
              -71.145243,
              42.698749
            ],
            [
              -71.145284,
              42.698743
            ],
            [
              -71.14532799999999,
              42.698744999999995
            ],
            [
              -71.14536799999999,
              42.698757
            ],
            [
              -71.145437,
              42.698752
            ],
            [
              -71.14547,
              42.698757
            ],
            [
              -71.14557099999999,
              42.698718
            ],
            [
              -71.145679,
              42.698659
            ],
            [
              -71.145748,
              42.698609
            ],
            [
              -71.145731,
              42.698597
            ],
            [
              -71.145742,
              42.698578
            ],
            [
              -71.145791,
              42.698547999999995
            ],
            [
              -71.145817,
              42.698501
            ],
            [
              -71.14585699999999,
              42.698481
            ],
            [
              -71.145839,
              42.698436
            ],
            [
              -71.14577799999999,
              42.698383
            ],
            [
              -71.145769,
              42.698389999999996
            ],
            [
              -71.145757,
              42.698405
            ],
            [
              -71.14573,
              42.698397
            ],
            [
              -71.14572199999999,
              42.698378999999996
            ],
            [
              -71.145757,
              42.698358
            ],
            [
              -71.14577,
              42.698352
            ],
            [
              -71.145787,
              42.698324
            ],
            [
              -71.14577899999999,
              42.698297
            ],
            [
              -71.14578999999999,
              42.698260999999995
            ],
            [
              -71.145758,
              42.698234
            ],
            [
              -71.145715,
              42.698232
            ],
            [
              -71.14569399999999,
              42.698218
            ],
            [
              -71.145731,
              42.698192
            ],
            [
              -71.145718,
              42.698169
            ],
            [
              -71.145681,
              42.698173999999995
            ],
            [
              -71.145659,
              42.698209999999996
            ],
            [
              -71.145617,
              42.698225
            ],
            [
              -71.145513,
              42.698147999999996
            ],
            [
              -71.14550299999999,
              42.698156
            ],
            [
              -71.14544599999999,
              42.698195
            ],
            [
              -71.145414,
              42.698167999999995
            ],
            [
              -71.14546899999999,
              42.698136999999996
            ],
            [
              -71.145494,
              42.698124
            ],
            [
              -71.145471,
              42.698094999999995
            ],
            [
              -71.14546,
              42.698062
            ],
            [
              -71.145412,
              42.698048
            ],
            [
              -71.145375,
              42.698021999999995
            ],
            [
              -71.14531099999999,
              42.697998
            ],
            [
              -71.145247,
              42.697987999999995
            ],
            [
              -71.14520499999999,
              42.698
            ],
            [
              -71.145172,
              42.698021
            ],
            [
              -71.145149,
              42.698012
            ],
            [
              -71.145149,
              42.69798
            ],
            [
              -71.14515399999999,
              42.697947
            ],
            [
              -71.145133,
              42.697935
            ],
            [
              -71.145095,
              42.697936999999996
            ],
            [
              -71.14505799999999,
              42.697966
            ],
            [
              -71.14506899999999,
              42.697933
            ],
            [
              -71.14504,
              42.697928999999995
            ],
            [
              -71.145005,
              42.697947
            ],
            [
              -71.14496799999999,
              42.697922999999996
            ],
            [
              -71.144992,
              42.697872
            ],
            [
              -71.144998,
              42.697843999999996
            ],
            [
              -71.144966,
              42.697813
            ],
            [
              -71.144937,
              42.697783
            ],
            [
              -71.144903,
              42.697756999999996
            ],
            [
              -71.144859,
              42.697734
            ],
            [
              -71.144013,
              42.697326
            ],
            [
              -71.143828,
              42.697236
            ],
            [
              -71.143761,
              42.697204
            ],
            [
              -71.143395,
              42.697027999999996
            ],
            [
              -71.143357,
              42.696549
            ],
            [
              -71.143306,
              42.696011999999996
            ],
            [
              -71.14327999999999,
              42.695705
            ],
            [
              -71.143228,
              42.695115
            ],
            [
              -71.143175,
              42.694507
            ],
            [
              -71.143149,
              42.6942
            ],
            [
              -71.142999,
              42.694212
            ],
            [
              -71.142544,
              42.694247999999995
            ],
            [
              -71.142152,
              42.69428
            ],
            [
              -71.14170299999999,
              42.694317
            ],
            [
              -71.141684,
              42.69419
            ],
            [
              -71.141669,
              42.694084
            ],
            [
              -71.141543,
              42.694086999999996
            ],
            [
              -71.14137099999999,
              42.694058
            ],
            [
              -71.141188,
              42.694009
            ],
            [
              -71.141,
              42.693933
            ],
            [
              -71.14091599999999,
              42.693903999999996
            ],
            [
              -71.140804,
              42.693936
            ],
            [
              -71.140709,
              42.6939
            ],
            [
              -71.140667,
              42.693841
            ],
            [
              -71.140597,
              42.693853
            ],
            [
              -71.140592,
              42.693813
            ],
            [
              -71.140534,
              42.693746999999995
            ],
            [
              -71.14047099999999,
              42.693751
            ],
            [
              -71.140407,
              42.693711
            ],
            [
              -71.140418,
              42.693588999999996
            ],
            [
              -71.14030699999999,
              42.693588999999996
            ],
            [
              -71.140264,
              42.693663
            ],
            [
              -71.140152,
              42.693588999999996
            ],
            [
              -71.140238,
              42.693470999999995
            ],
            [
              -71.140169,
              42.693419999999996
            ],
            [
              -71.140084,
              42.693483
            ],
            [
              -71.14000899999999,
              42.693517
            ],
            [
              -71.139889,
              42.693476
            ],
            [
              -71.139813,
              42.693414999999995
            ],
            [
              -71.139723,
              42.693383
            ],
            [
              -71.139648,
              42.693399
            ],
            [
              -71.139415,
              42.693296
            ],
            [
              -71.139246,
              42.693186
            ],
            [
              -71.139219,
              42.693208999999996
            ],
            [
              -71.139177,
              42.693149999999996
            ],
            [
              -71.139172,
              42.693059999999996
            ],
            [
              -71.139241,
              42.693000999999995
            ],
            [
              -71.13928899999999,
              42.692947
            ],
            [
              -71.13932199999999,
              42.692844
            ],
            [
              -71.139296,
              42.692743
            ],
            [
              -71.139153,
              42.692718
            ],
            [
              -71.138903,
              42.692737
            ],
            [
              -71.138637,
              42.692755999999996
            ],
            [
              -71.138486,
              42.692712
            ],
            [
              -71.138442,
              42.692713999999995
            ],
            [
              -71.13834,
              42.692688
            ],
            [
              -71.13827599999999,
              42.692631999999996
            ],
            [
              -71.138117,
              42.692558999999996
            ],
            [
              -71.13800499999999,
              42.692578
            ],
            [
              -71.137936,
              42.692507
            ],
            [
              -71.138016,
              42.692468
            ],
            [
              -71.13802199999999,
              42.692398
            ],
            [
              -71.137891,
              42.692392
            ],
            [
              -71.137877,
              42.692364999999995
            ],
            [
              -71.137959,
              42.692319
            ],
            [
              -71.137929,
              42.692299
            ],
            [
              -71.137839,
              42.692315
            ],
            [
              -71.137818,
              42.692282
            ],
            [
              -71.13798,
              42.69226
            ],
            [
              -71.137935,
              42.692223
            ],
            [
              -71.137866,
              42.692164999999996
            ],
            [
              -71.13781,
              42.692161999999996
            ],
            [
              -71.137805,
              42.692135
            ],
            [
              -71.137873,
              42.692085
            ],
            [
              -71.137847,
              42.692043
            ],
            [
              -71.137743,
              42.692039
            ],
            [
              -71.137748,
              42.692
            ],
            [
              -71.13783699999999,
              42.691984999999995
            ],
            [
              -71.137863,
              42.691925
            ],
            [
              -71.13777,
              42.691908
            ],
            [
              -71.137712,
              42.691880999999995
            ],
            [
              -71.137765,
              42.691846
            ],
            [
              -71.137864,
              42.691885
            ],
            [
              -71.137922,
              42.691821
            ],
            [
              -71.137838,
              42.691807999999995
            ],
            [
              -71.137849,
              42.691773
            ],
            [
              -71.13792699999999,
              42.691766
            ],
            [
              -71.137901,
              42.691708
            ],
            [
              -71.137828,
              42.691708
            ],
            [
              -71.137834,
              42.691669
            ],
            [
              -71.13790999999999,
              42.691601
            ],
            [
              -71.137897,
              42.691538
            ],
            [
              -71.137787,
              42.69155
            ],
            [
              -71.137678,
              42.691533
            ],
            [
              -71.137599,
              42.691649
            ],
            [
              -71.13757799999999,
              42.691590999999995
            ],
            [
              -71.137598,
              42.691536
            ],
            [
              -71.137558,
              42.69153
            ],
            [
              -71.137537,
              42.69146
            ],
            [
              -71.13752199999999,
              42.691406
            ],
            [
              -71.137621,
              42.691356
            ],
            [
              -71.137637,
              42.691286999999996
            ],
            [
              -71.13757,
              42.691244999999995
            ],
            [
              -71.137497,
              42.691235999999996
            ],
            [
              -71.137424,
              42.69117
            ],
            [
              -71.137346,
              42.691154999999995
            ],
            [
              -71.13732,
              42.691136
            ],
            [
              -71.13744,
              42.69112
            ],
            [
              -71.137503,
              42.691089999999996
            ],
            [
              -71.13749299999999,
              42.691019999999995
            ],
            [
              -71.13749299999999,
              42.690947
            ],
            [
              -71.137528,
              42.690905
            ],
            [
              -71.13741499999999,
              42.690901
            ],
            [
              -71.137394,
              42.690819999999995
            ],
            [
              -71.137528,
              42.69084
            ],
            [
              -71.13758299999999,
              42.690793
            ],
            [
              -71.137635,
              42.690723999999996
            ],
            [
              -71.137615,
              42.690650999999995
            ],
            [
              -71.137678,
              42.690608999999995
            ],
            [
              -71.137593,
              42.690518999999995
            ],
            [
              -71.13747699999999,
              42.690487
            ],
            [
              -71.137389,
              42.690462
            ],
            [
              -71.13729599999999,
              42.690413
            ],
            [
              -71.13732399999999,
              42.690349
            ],
            [
              -71.137379,
              42.690296
            ],
            [
              -71.137413,
              42.690248
            ],
            [
              -71.137342,
              42.690182
            ],
            [
              -71.137342,
              42.690149999999996
            ],
            [
              -71.13743,
              42.690118
            ],
            [
              -71.137452,
              42.690073
            ],
            [
              -71.13740299999999,
              42.690033
            ],
            [
              -71.13743099999999,
              42.68998
            ],
            [
              -71.13739199999999,
              42.689952
            ],
            [
              -71.137293,
              42.689979
            ],
            [
              -71.137222,
              42.690036
            ],
            [
              -71.137194,
              42.689975
            ],
            [
              -71.13725,
              42.689886
            ],
            [
              -71.13717299999999,
              42.689817
            ],
            [
              -71.137261,
              42.689792999999995
            ],
            [
              -71.137306,
              42.68974
            ],
            [
              -71.137333,
              42.689716
            ],
            [
              -71.137377,
              42.689757
            ],
            [
              -71.137438,
              42.689688
            ],
            [
              -71.137449,
              42.689631999999996
            ],
            [
              -71.137532,
              42.689595
            ],
            [
              -71.13747699999999,
              42.689546
            ],
            [
              -71.13748799999999,
              42.689493999999996
            ],
            [
              -71.137428,
              42.689485
            ],
            [
              -71.137356,
              42.689561999999995
            ],
            [
              -71.13729,
              42.689582
            ],
            [
              -71.137301,
              42.689513999999996
            ],
            [
              -71.137357,
              42.689423999999995
            ],
            [
              -71.13731899999999,
              42.689343
            ],
            [
              -71.137385,
              42.689311
            ],
            [
              -71.13744,
              42.689364
            ],
            [
              -71.13750499999999,
              42.689352
            ],
            [
              -71.137517,
              42.689287
            ],
            [
              -71.137457,
              42.689209999999996
            ],
            [
              -71.137517,
              42.689222
            ],
            [
              -71.137616,
              42.689327999999996
            ],
            [
              -71.137693,
              42.689308
            ],
            [
              -71.137655,
              42.689219
            ],
            [
              -71.137706,
              42.689206999999996
            ],
            [
              -71.137753,
              42.68926
            ],
            [
              -71.13780299999999,
              42.689206999999996
            ],
            [
              -71.137866,
              42.68922
            ],
            [
              -71.137935,
              42.689170999999995
            ],
            [
              -71.137881,
              42.689060999999995
            ],
            [
              -71.137936,
              42.689021
            ],
            [
              -71.137996,
              42.689025
            ],
            [
              -71.138055,
              42.689036
            ],
            [
              -71.13815,
              42.689022
            ],
            [
              -71.138188,
              42.689062
            ],
            [
              -71.13828,
              42.689074999999995
            ],
            [
              -71.138404,
              42.688885
            ],
            [
              -71.138508,
              42.688837
            ],
            [
              -71.138481,
              42.688750999999996
            ],
            [
              -71.13839399999999,
              42.688662
            ],
            [
              -71.13837199999999,
              42.688613
            ],
            [
              -71.138427,
              42.688589
            ],
            [
              -71.138516,
              42.688573
            ],
            [
              -71.138543,
              42.688528
            ],
            [
              -71.138555,
              42.68846
            ],
            [
              -71.138522,
              42.688382999999995
            ],
            [
              -71.138393,
              42.688355
            ],
            [
              -71.138385,
              42.688325
            ],
            [
              -71.13848399999999,
              42.688313
            ],
            [
              -71.13852299999999,
              42.688285
            ],
            [
              -71.13852899999999,
              42.688193999999996
            ],
            [
              -71.138468,
              42.688159999999996
            ],
            [
              -71.13844,
              42.688102
            ],
            [
              -71.13846,
              42.688033999999995
            ],
            [
              -71.138457,
              42.687981
            ],
            [
              -71.138455,
              42.687940999999995
            ],
            [
              -71.13852299999999,
              42.687951999999996
            ],
            [
              -71.138547,
              42.687909
            ],
            [
              -71.13848999999999,
              42.687819999999995
            ],
            [
              -71.138442,
              42.687742
            ],
            [
              -71.13853399999999,
              42.687689
            ],
            [
              -71.13850000000001,
              42.687663
            ],
            [
              -71.138457,
              42.687667
            ],
            [
              -71.138457,
              42.687639
            ],
            [
              -71.138499,
              42.687594
            ],
            [
              -71.138587,
              42.687523999999996
            ],
            [
              -71.13867499999999,
              42.687494
            ],
            [
              -71.138781,
              42.687455
            ],
            [
              -71.138868,
              42.687450999999996
            ],
            [
              -71.13897399999999,
              42.687477
            ],
            [
              -71.13900799999999,
              42.687562
            ],
            [
              -71.138977,
              42.687608999999995
            ],
            [
              -71.13896799999999,
              42.687639
            ],
            [
              -71.138964,
              42.687655
            ],
            [
              -71.13896799999999,
              42.687705
            ],
            [
              -71.13907,
              42.687712
            ],
            [
              -71.13919299999999,
              42.687737999999996
            ],
            [
              -71.139316,
              42.687650999999995
            ],
            [
              -71.139427,
              42.687594999999995
            ],
            [
              -71.139511,
              42.687498999999995
            ],
            [
              -71.139533,
              42.687475
            ],
            [
              -71.139809,
              42.687186
            ],
            [
              -71.139698,
              42.687062999999995
            ],
            [
              -71.139457,
              42.68678
            ],
            [
              -71.139202,
              42.686735
            ],
            [
              -71.13897899999999,
              42.686724999999996
            ],
            [
              -71.138936,
              42.686769999999996
            ],
            [
              -71.13890099999999,
              42.686741
            ],
            [
              -71.138862,
              42.686761
            ],
            [
              -71.138828,
              42.686738
            ],
            [
              -71.13883299999999,
              42.686713
            ],
            [
              -71.138519,
              42.686695
            ],
            [
              -71.13839399999999,
              42.686706
            ],
            [
              -71.13835999999999,
              42.686754
            ],
            [
              -71.13842199999999,
              42.686786
            ],
            [
              -71.13839899999999,
              42.686809
            ],
            [
              -71.138356,
              42.686811
            ],
            [
              -71.138333,
              42.686848
            ],
            [
              -71.138155,
              42.686844
            ],
            [
              -71.138035,
              42.686904
            ],
            [
              -71.137981,
              42.686901
            ],
            [
              -71.13795,
              42.686858
            ],
            [
              -71.1379,
              42.686795
            ],
            [
              -71.137909,
              42.686727
            ],
            [
              -71.137839,
              42.68669
            ],
            [
              -71.137894,
              42.686647
            ],
            [
              -71.137863,
              42.68663
            ],
            [
              -71.13788199999999,
              42.686613
            ],
            [
              -71.137908,
              42.686571
            ],
            [
              -71.13783,
              42.686544999999995
            ],
            [
              -71.137767,
              42.686578
            ],
            [
              -71.137732,
              42.686583999999996
            ],
            [
              -71.137709,
              42.686558
            ],
            [
              -71.137682,
              42.686496
            ],
            [
              -71.13767899999999,
              42.686437999999995
            ],
            [
              -71.137721,
              42.686405
            ],
            [
              -71.137768,
              42.686378999999995
            ],
            [
              -71.137795,
              42.686355999999996
            ],
            [
              -71.137818,
              42.686347999999995
            ],
            [
              -71.13783699999999,
              42.686374
            ],
            [
              -71.13790999999999,
              42.686422
            ],
            [
              -71.13794899999999,
              42.686403
            ],
            [
              -71.137996,
              42.686355999999996
            ],
            [
              -71.137984,
              42.686313999999996
            ],
            [
              -71.138,
              42.686249
            ],
            [
              -71.138035,
              42.686209
            ],
            [
              -71.13802799999999,
              42.686155
            ],
            [
              -71.138071,
              42.686101
            ],
            [
              -71.138121,
              42.686043999999995
            ],
            [
              -71.138183,
              42.686018999999995
            ],
            [
              -71.138245,
              42.686007
            ],
            [
              -71.138291,
              42.686036
            ],
            [
              -71.138295,
              42.686077999999995
            ],
            [
              -71.13828699999999,
              42.686121
            ],
            [
              -71.138294,
              42.686175
            ],
            [
              -71.138317,
              42.686181
            ],
            [
              -71.13833699999999,
              42.686133
            ],
            [
              -71.13833699999999,
              42.686087
            ],
            [
              -71.138391,
              42.686099
            ],
            [
              -71.138434,
              42.686039
            ],
            [
              -71.138499,
              42.686057
            ],
            [
              -71.138515,
              42.685998999999995
            ],
            [
              -71.138635,
              42.685991
            ],
            [
              -71.138697,
              42.685973999999995
            ],
            [
              -71.138795,
              42.685884
            ],
            [
              -71.13874799999999,
              42.685843999999996
            ],
            [
              -71.138735,
              42.685814
            ],
            [
              -71.138762,
              42.685781999999996
            ],
            [
              -71.138824,
              42.685732
            ],
            [
              -71.13889,
              42.685714
            ],
            [
              -71.138938,
              42.685699
            ],
            [
              -71.138999,
              42.68569
            ],
            [
              -71.139107,
              42.685694999999996
            ],
            [
              -71.139166,
              42.685679
            ],
            [
              -71.139315,
              42.685626
            ],
            [
              -71.139427,
              42.685569
            ],
            [
              -71.139478,
              42.685459
            ],
            [
              -71.139467,
              42.685348
            ],
            [
              -71.139423,
              42.685254
            ],
            [
              -71.139363,
              42.68519
            ],
            [
              -71.139177,
              42.68515
            ],
            [
              -71.139099,
              42.685172
            ],
            [
              -71.13901899999999,
              42.685176
            ],
            [
              -71.138941,
              42.685148999999996
            ],
            [
              -71.138725,
              42.685188
            ],
            [
              -71.138705,
              42.685241999999995
            ],
            [
              -71.138628,
              42.685238999999996
            ],
            [
              -71.138583,
              42.685216
            ],
            [
              -71.138457,
              42.685238
            ],
            [
              -71.138322,
              42.685297999999996
            ],
            [
              -71.138268,
              42.685334999999995
            ],
            [
              -71.138187,
              42.685317
            ],
            [
              -71.138098,
              42.685334
            ],
            [
              -71.137998,
              42.685323
            ],
            [
              -71.137878,
              42.685268
            ],
            [
              -71.13782499999999,
              42.68522
            ],
            [
              -71.13784,
              42.685154
            ],
            [
              -71.137782,
              42.685151
            ],
            [
              -71.137794,
              42.685088
            ],
            [
              -71.137787,
              42.685046
            ],
            [
              -71.137818,
              42.685002999999995
            ],
            [
              -71.137822,
              42.684971
            ],
            [
              -71.137877,
              42.684903999999996
            ],
            [
              -71.13791599999999,
              42.684886999999996
            ],
            [
              -71.13792699999999,
              42.684872999999996
            ],
            [
              -71.13797799999999,
              42.684844
            ],
            [
              -71.138078,
              42.684787
            ],
            [
              -71.1383,
              42.684706
            ],
            [
              -71.138536,
              42.684678
            ],
            [
              -71.138697,
              42.684652
            ],
            [
              -71.138758,
              42.684653
            ],
            [
              -71.13882,
              42.684681
            ],
            [
              -71.138886,
              42.684661
            ],
            [
              -71.138933,
              42.68463
            ],
            [
              -71.139023,
              42.684595
            ],
            [
              -71.13911,
              42.684568
            ],
            [
              -71.139184,
              42.684526
            ],
            [
              -71.139259,
              42.684494
            ],
            [
              -71.13940199999999,
              42.684477
            ],
            [
              -71.139361,
              42.684453
            ],
            [
              -71.139341,
              42.684442
            ],
            [
              -71.13927699999999,
              42.684407
            ],
            [
              -71.139219,
              42.684376
            ],
            [
              -71.138894,
              42.684107
            ],
            [
              -71.13846099999999,
              42.683744
            ],
            [
              -71.137659,
              42.683057999999996
            ],
            [
              -71.136772,
              42.682311999999996
            ],
            [
              -71.13626,
              42.681829
            ],
            [
              -71.13580999999999,
              42.681481999999995
            ],
            [
              -71.135803,
              42.681473
            ],
            [
              -71.13570899999999,
              42.68139
            ],
            [
              -71.13550000000001,
              42.681211
            ],
            [
              -71.13514099999999,
              42.680907999999995
            ],
            [
              -71.134774,
              42.680566
            ],
            [
              -71.134259,
              42.68007
            ],
            [
              -71.13404,
              42.679874999999996
            ],
            [
              -71.133686,
              42.679535
            ],
            [
              -71.133584,
              42.679428
            ],
            [
              -71.133614,
              42.679344
            ],
            [
              -71.133744,
              42.678954
            ],
            [
              -71.133899,
              42.678492
            ],
            [
              -71.13397499999999,
              42.678232
            ],
            [
              -71.134018,
              42.678098999999996
            ],
            [
              -71.13403199999999,
              42.678056
            ],
            [
              -71.134063,
              42.67796
            ],
            [
              -71.13416699999999,
              42.677659
            ],
            [
              -71.134404,
              42.676939999999995
            ],
            [
              -71.134452,
              42.676778
            ],
            [
              -71.13453799999999,
              42.676812999999996
            ],
            [
              -71.136669,
              42.677439
            ],
            [
              -71.136692,
              42.677445
            ],
            [
              -71.137053,
              42.677547
            ],
            [
              -71.13820199999999,
              42.677889
            ],
            [
              -71.138239,
              42.677913
            ],
            [
              -71.13829799999999,
              42.677917
            ],
            [
              -71.138701,
              42.678035
            ],
            [
              -71.14054399999999,
              42.678571
            ],
            [
              -71.141143,
              42.678751999999996
            ],
            [
              -71.143149,
              42.679341
            ],
            [
              -71.14540699999999,
              42.680006
            ],
            [
              -71.145501,
              42.680034
            ],
            [
              -71.145563,
              42.680053
            ],
            [
              -71.14769799999999,
              42.680675
            ],
            [
              -71.14804699999999,
              42.680778
            ],
            [
              -71.148155,
              42.68081
            ],
            [
              -71.148192,
              42.680820999999995
            ],
            [
              -71.148557,
              42.680928
            ],
            [
              -71.149998,
              42.681351
            ],
            [
              -71.151213,
              42.681706999999996
            ],
            [
              -71.15205399999999,
              42.681564
            ],
            [
              -71.15225,
              42.681531
            ],
            [
              -71.15256099999999,
              42.681477
            ],
            [
              -71.153395,
              42.681335
            ],
            [
              -71.154118,
              42.681211999999995
            ],
            [
              -71.15538699999999,
              42.680996
            ],
            [
              -71.159568,
              42.680284
            ],
            [
              -71.159672,
              42.680265999999996
            ],
            [
              -71.160911,
              42.680054
            ],
            [
              -71.161681,
              42.679924
            ],
            [
              -71.16562499999999,
              42.679262
            ],
            [
              -71.165722,
              42.679244999999995
            ],
            [
              -71.16906,
              42.678664
            ],
            [
              -71.172533,
              42.678081
            ],
            [
              -71.173897,
              42.677842
            ],
            [
              -71.174475,
              42.677744
            ],
            [
              -71.175726,
              42.67753
            ],
            [
              -71.178321,
              42.677091999999995
            ],
            [
              -71.185503,
              42.675868
            ],
            [
              -71.185507,
              42.675892999999995
            ],
            [
              -71.18551099999999,
              42.67592
            ],
            [
              -71.185577,
              42.676325999999996
            ],
            [
              -71.185594,
              42.676434
            ],
            [
              -71.18573099999999,
              42.677282
            ],
            [
              -71.185734,
              42.677299
            ],
            [
              -71.186065,
              42.679342
            ],
            [
              -71.186238,
              42.680403
            ],
            [
              -71.18624299999999,
              42.680434999999996
            ],
            [
              -71.18641699999999,
              42.681512999999995
            ],
            [
              -71.186967,
              42.684895
            ],
            [
              -71.18698599999999,
              42.685027999999996
            ],
            [
              -71.187392,
              42.687526
            ],
            [
              -71.187839,
              42.690244
            ],
            [
              -71.187891,
              42.690605
            ],
            [
              -71.187961,
              42.690723
            ],
            [
              -71.188015,
              42.691367
            ],
            [
              -71.188069,
              42.691708
            ],
            [
              -71.188101,
              42.691902
            ],
            [
              -71.188262,
              42.6929
            ],
            [
              -71.188451,
              42.694069999999996
            ],
            [
              -71.188571,
              42.694749
            ],
            [
              -71.188614,
              42.694984999999996
            ],
            [
              -71.188675,
              42.695316
            ],
            [
              -71.188858,
              42.696247
            ],
            [
              -71.188862,
              42.696267999999996
            ],
            [
              -71.18890499999999,
              42.696492
            ],
            [
              -71.188917,
              42.696559
            ],
            [
              -71.18912,
              42.69769
            ],
            [
              -71.189269,
              42.698519999999995
            ],
            [
              -71.189315,
              42.698879999999996
            ],
            [
              -71.189482,
              42.699965999999996
            ],
            [
              -71.189523,
              42.700099
            ],
            [
              -71.189662,
              42.70098
            ],
            [
              -71.190009,
              42.703091
            ],
            [
              -71.19015,
              42.703956
            ],
            [
              -71.190258,
              42.704625
            ],
            [
              -71.190299,
              42.704885999999995
            ],
            [
              -71.19053199999999,
              42.706314
            ],
            [
              -71.190657,
              42.707102
            ],
            [
              -71.190749,
              42.707685999999995
            ],
            [
              -71.19087,
              42.70841
            ],
            [
              -71.191131,
              42.710057
            ],
            [
              -71.191176,
              42.710342999999995
            ],
            [
              -71.191212,
              42.71057
            ]
          ]
        ]
      }
    },
    {
      "type": "Feature",
      "properties": {
        "name": "Lynn",
        "full_name": "Lynn city",
        "gateway_city": true,
        "work_type": "Gateway Cities"
      },
      "geometry": {
        "type": "Polygon",
        "coordinates": [
          [
            [
              -71.011623,
              42.501647999999996
            ],
            [
              -71.011383,
              42.50178
            ],
            [
              -71.010333,
              42.502356999999996
            ],
            [
              -71.01031499999999,
              42.502365999999995
            ],
            [
              -71.009396,
              42.502873
            ],
            [
              -71.00929099999999,
              42.502928999999995
            ],
            [
              -71.008212,
              42.503529
            ],
            [
              -71.00790099999999,
              42.503692
            ],
            [
              -71.00468099999999,
              42.505463
            ],
            [
              -71.004639,
              42.505488
            ],
            [
              -71.004533,
              42.505545
            ],
            [
              -71.00328999999999,
              42.506226
            ],
            [
              -71.002299,
              42.506769
            ],
            [
              -71.002051,
              42.506904999999996
            ],
            [
              -71.001736,
              42.507078
            ],
            [
              -71.001612,
              42.506989999999995
            ],
            [
              -71.001567,
              42.506989999999995
            ],
            [
              -70.999014,
              42.507002
            ],
            [
              -70.998918,
              42.507002
            ],
            [
              -70.996899,
              42.507011
            ],
            [
              -70.996886,
              42.507011999999996
            ],
            [
              -70.995308,
              42.505572
            ],
            [
              -70.99444799999999,
              42.506032999999995
            ],
            [
              -70.990959,
              42.507857
            ],
            [
              -70.988945,
              42.508911999999995
            ],
            [
              -70.988372,
              42.509214
            ],
            [
              -70.988545,
              42.509366
            ],
            [
              -70.988702,
              42.509491
            ],
            [
              -70.988641,
              42.509536999999995
            ],
            [
              -70.989381,
              42.509968
            ],
            [
              -70.989696,
              42.510135999999996
            ],
            [
              -70.990569,
              42.510605999999996
            ],
            [
              -70.990996,
              42.510855
            ],
            [
              -70.99143,
              42.511109
            ],
            [
              -70.992671,
              42.51195
            ],
            [
              -70.992966,
              42.512267
            ],
            [
              -70.99274199999999,
              42.512198
            ],
            [
              -70.991721,
              42.512043
            ],
            [
              -70.9911,
              42.51195
            ],
            [
              -70.990053,
              42.511796
            ],
            [
              -70.98934,
              42.511686
            ],
            [
              -70.988869,
              42.511703999999995
            ],
            [
              -70.98875,
              42.511708999999996
            ],
            [
              -70.988402,
              42.511742999999996
            ],
            [
              -70.988236,
              42.511752
            ],
            [
              -70.988066,
              42.511762999999995
            ],
            [
              -70.98776099999999,
              42.511781
            ],
            [
              -70.98733899999999,
              42.511784999999996
            ],
            [
              -70.987085,
              42.511781
            ],
            [
              -70.98691099999999,
              42.511773999999996
            ],
            [
              -70.985587,
              42.511126
            ],
            [
              -70.98333,
              42.50994
            ],
            [
              -70.98317999999999,
              42.509878
            ],
            [
              -70.978324,
              42.50736
            ],
            [
              -70.97814799999999,
              42.507276
            ],
            [
              -70.977958,
              42.507177999999996
            ],
            [
              -70.977514,
              42.506951
            ],
            [
              -70.97716799999999,
              42.506774
            ],
            [
              -70.97656599999999,
              42.506465999999996
            ],
            [
              -70.97637499999999,
              42.506367999999995
            ],
            [
              -70.974989,
              42.505658
            ],
            [
              -70.974266,
              42.505288
            ],
            [
              -70.974186,
              42.505247
            ],
            [
              -70.974054,
              42.505182999999995
            ],
            [
              -70.973811,
              42.505055
            ],
            [
              -70.97364,
              42.504968
            ],
            [
              -70.972994,
              42.504636999999995
            ],
            [
              -70.971726,
              42.503988
            ],
            [
              -70.970978,
              42.503605
            ],
            [
              -70.970024,
              42.503116999999996
            ],
            [
              -70.96900000000001,
              42.502592
            ],
            [
              -70.968076,
              42.50212
            ],
            [
              -70.967435,
              42.501795
            ],
            [
              -70.965786,
              42.500947
            ],
            [
              -70.96459399999999,
              42.500349
            ],
            [
              -70.962417,
              42.499223
            ],
            [
              -70.96177399999999,
              42.498894
            ],
            [
              -70.961263,
              42.498684
            ],
            [
              -70.961089,
              42.4986
            ],
            [
              -70.960351,
              42.498242999999995
            ],
            [
              -70.959531,
              42.497834
            ],
            [
              -70.958829,
              42.497471
            ],
            [
              -70.958663,
              42.497363
            ],
            [
              -70.958433,
              42.497184
            ],
            [
              -70.95714,
              42.496528
            ],
            [
              -70.956161,
              42.496280999999996
            ],
            [
              -70.955221,
              42.49606
            ],
            [
              -70.95458099999999,
              42.495908
            ],
            [
              -70.952371,
              42.495356
            ],
            [
              -70.951695,
              42.495188
            ],
            [
              -70.951501,
              42.49514
            ],
            [
              -70.950858,
              42.49498
            ],
            [
              -70.950079,
              42.494786
            ],
            [
              -70.949945,
              42.494752999999996
            ],
            [
              -70.949917,
              42.494775999999995
            ],
            [
              -70.949321,
              42.494578
            ],
            [
              -70.948449,
              42.494369999999996
            ],
            [
              -70.94639699999999,
              42.493874
            ],
            [
              -70.946224,
              42.493832
            ],
            [
              -70.94498399999999,
              42.493525
            ],
            [
              -70.94402699999999,
              42.493289
            ],
            [
              -70.943975,
              42.493275
            ],
            [
              -70.94290099999999,
              42.493009
            ],
            [
              -70.942685,
              42.492956
            ],
            [
              -70.942501,
              42.492911
            ],
            [
              -70.94218699999999,
              42.492833
            ],
            [
              -70.940877,
              42.492509
            ],
            [
              -70.939583,
              42.492188
            ],
            [
              -70.939449,
              42.492155
            ],
            [
              -70.93936699999999,
              42.492135
            ],
            [
              -70.939185,
              42.49209
            ],
            [
              -70.939139,
              42.492078
            ],
            [
              -70.938938,
              42.492028999999995
            ],
            [
              -70.938643,
              42.491955
            ],
            [
              -70.93545999999999,
              42.491167
            ],
            [
              -70.934477,
              42.490924
            ],
            [
              -70.934111,
              42.490834
            ],
            [
              -70.933982,
              42.490576999999995
            ],
            [
              -70.93387799999999,
              42.490372
            ],
            [
              -70.933585,
              42.489791
            ],
            [
              -70.932613,
              42.487866
            ],
            [
              -70.932597,
              42.487834
            ],
            [
              -70.931637,
              42.485932999999996
            ],
            [
              -70.931147,
              42.484964
            ],
            [
              -70.93092899999999,
              42.484533
            ],
            [
              -70.93069799999999,
              42.484071
            ],
            [
              -70.93012999999999,
              42.482946999999996
            ],
            [
              -70.929796,
              42.482285
            ],
            [
              -70.929568,
              42.481825
            ],
            [
              -70.929367,
              42.481432
            ],
            [
              -70.928857,
              42.480433999999995
            ],
            [
              -70.928743,
              42.48021
            ],
            [
              -70.92801299999999,
              42.478739999999995
            ],
            [
              -70.927645,
              42.478027999999995
            ],
            [
              -70.927433,
              42.477669
            ],
            [
              -70.926686,
              42.476137
            ],
            [
              -70.926596,
              42.475958
            ],
            [
              -70.926462,
              42.47569
            ],
            [
              -70.925566,
              42.473898999999996
            ],
            [
              -70.925084,
              42.472933
            ],
            [
              -70.92489599999999,
              42.472578
            ],
            [
              -70.924401,
              42.471582
            ],
            [
              -70.92407299999999,
              42.470934
            ],
            [
              -70.923788,
              42.470371
            ],
            [
              -70.923666,
              42.470135
            ],
            [
              -70.923596,
              42.470000999999996
            ],
            [
              -70.922974,
              42.468751
            ],
            [
              -70.922878,
              42.468565
            ],
            [
              -70.922612,
              42.468044
            ],
            [
              -70.92228399999999,
              42.467403
            ],
            [
              -70.922067,
              42.46698
            ],
            [
              -70.92203599999999,
              42.466919
            ],
            [
              -70.921415,
              42.465737999999995
            ],
            [
              -70.921367,
              42.465762
            ],
            [
              -70.92134,
              42.465776
            ],
            [
              -70.921303,
              42.465796
            ],
            [
              -70.921234,
              42.465844
            ],
            [
              -70.92120899999999,
              42.465858
            ],
            [
              -70.921188,
              42.465872
            ],
            [
              -70.921142,
              42.465905
            ],
            [
              -70.92109599999999,
              42.465933
            ],
            [
              -70.92105099999999,
              42.465956
            ],
            [
              -70.921002,
              42.465973999999996
            ],
            [
              -70.92096699999999,
              42.465995
            ],
            [
              -70.920489,
              42.465582
            ],
            [
              -70.92020699999999,
              42.465337999999996
            ],
            [
              -70.915835,
              42.46156
            ],
            [
              -70.91278799999999,
              42.459019
            ],
            [
              -70.90759299999999,
              42.454685999999995
            ],
            [
              -70.901493,
              42.449597
            ],
            [
              -70.905993,
              42.445197
            ],
            [
              -70.905993,
              42.442139
            ],
            [
              -70.905993,
              42.438297
            ],
            [
              -70.928387,
              42.452532
            ],
            [
              -70.932716,
              42.455301
            ],
            [
              -70.933347,
              42.455704999999995
            ],
            [
              -70.933996,
              42.45612
            ],
            [
              -70.933954,
              42.456227999999996
            ],
            [
              -70.93431199999999,
              42.456322
            ],
            [
              -70.934478,
              42.456365999999996
            ],
            [
              -70.935716,
              42.456689
            ],
            [
              -70.935931,
              42.456747
            ],
            [
              -70.936114,
              42.456770999999996
            ],
            [
              -70.936611,
              42.456883
            ],
            [
              -70.93741399999999,
              42.456451
            ],
            [
              -70.93947299999999,
              42.455346
            ],
            [
              -70.939549,
              42.455301
            ],
            [
              -70.93973,
              42.455203
            ],
            [
              -70.93975,
              42.455206
            ],
            [
              -70.939791,
              42.455214999999995
            ],
            [
              -70.939832,
              42.455239999999996
            ],
            [
              -70.939849,
              42.455265999999995
            ],
            [
              -70.939843,
              42.455295
            ],
            [
              -70.939831,
              42.455307999999995
            ],
            [
              -70.939841,
              42.455321
            ],
            [
              -70.939838,
              42.455351
            ],
            [
              -70.93983,
              42.455376
            ],
            [
              -70.93982199999999,
              42.455391
            ],
            [
              -70.9398,
              42.455408999999996
            ],
            [
              -70.93977799999999,
              42.455414
            ],
            [
              -70.93975,
              42.455408
            ],
            [
              -70.939746,
              42.455452
            ],
            [
              -70.939758,
              42.455469
            ],
            [
              -70.939752,
              42.455492
            ],
            [
              -70.93974299999999,
              42.455523
            ],
            [
              -70.939737,
              42.455546
            ],
            [
              -70.93973,
              42.455574
            ],
            [
              -70.939714,
              42.455605
            ],
            [
              -70.939695,
              42.455633999999996
            ],
            [
              -70.939679,
              42.455656999999995
            ],
            [
              -70.939655,
              42.45568
            ],
            [
              -70.939627,
              42.455695999999996
            ],
            [
              -70.9396,
              42.455709
            ],
            [
              -70.939574,
              42.455726
            ],
            [
              -70.939561,
              42.455729999999996
            ],
            [
              -70.939557,
              42.455748
            ],
            [
              -70.939441,
              42.455794999999995
            ],
            [
              -70.93923199999999,
              42.456455999999996
            ],
            [
              -70.93927099999999,
              42.456496
            ],
            [
              -70.939371,
              42.456548
            ],
            [
              -70.939379,
              42.456589
            ],
            [
              -70.941593,
              42.455695999999996
            ],
            [
              -70.942093,
              42.455296
            ],
            [
              -70.94406,
              42.452766
            ],
            [
              -70.945593,
              42.450796
            ],
            [
              -70.94717899999999,
              42.448813
            ],
            [
              -70.95079299999999,
              42.444296
            ],
            [
              -70.956918,
              42.443979999999996
            ],
            [
              -70.959909,
              42.443825
            ],
            [
              -70.963043,
              42.443664
            ],
            [
              -70.963611,
              42.443635
            ],
            [
              -70.964179,
              42.443605999999996
            ],
            [
              -70.965138,
              42.443556
            ],
            [
              -70.966096,
              42.443507
            ],
            [
              -70.96616999999999,
              42.443504
            ],
            [
              -70.96624299999999,
              42.4435
            ],
            [
              -70.966293,
              42.443497
            ],
            [
              -70.968594,
              42.444396
            ],
            [
              -70.972289,
              42.446816999999996
            ],
            [
              -70.97653799999999,
              42.449346999999996
            ],
            [
              -70.979083,
              42.450863
            ],
            [
              -70.981307,
              42.451252
            ],
            [
              -70.981404,
              42.451268999999996
            ],
            [
              -70.983488,
              42.452221
            ],
            [
              -70.983828,
              42.452376
            ],
            [
              -70.983768,
              42.453187
            ],
            [
              -70.983631,
              42.45355
            ],
            [
              -70.983353,
              42.453807999999995
            ],
            [
              -70.9825,
              42.454248
            ],
            [
              -70.98245299999999,
              42.454271999999996
            ],
            [
              -70.981207,
              42.454736
            ],
            [
              -70.979815,
              42.455259999999996
            ],
            [
              -70.979694,
              42.455304999999996
            ],
            [
              -70.979647,
              42.455391
            ],
            [
              -70.97941999999999,
              42.455821
            ],
            [
              -70.97945,
              42.455974
            ],
            [
              -70.979494,
              42.456196
            ],
            [
              -70.980436,
              42.456776999999995
            ],
            [
              -70.980717,
              42.456951
            ],
            [
              -70.980811,
              42.457009
            ],
            [
              -70.982068,
              42.457732
            ],
            [
              -70.982229,
              42.457896999999996
            ],
            [
              -70.982621,
              42.4583
            ],
            [
              -70.983108,
              42.45861
            ],
            [
              -70.983268,
              42.45861
            ],
            [
              -70.98358999999999,
              42.458611
            ],
            [
              -70.983842,
              42.458611
            ],
            [
              -70.98416,
              42.458611999999995
            ],
            [
              -70.98472799999999,
              42.458400999999995
            ],
            [
              -70.984853,
              42.458355
            ],
            [
              -70.985094,
              42.458138
            ],
            [
              -70.985417,
              42.457842
            ],
            [
              -70.985969,
              42.457225
            ],
            [
              -70.986094,
              42.456796
            ],
            [
              -70.985995,
              42.455487
            ],
            [
              -70.986161,
              42.454986999999996
            ],
            [
              -70.986694,
              42.454595999999995
            ],
            [
              -70.98682699999999,
              42.454662
            ],
            [
              -70.987494,
              42.454996
            ],
            [
              -70.987494,
              42.456796
            ],
            [
              -70.987402,
              42.457163
            ],
            [
              -70.98722699999999,
              42.457485
            ],
            [
              -70.986739,
              42.458102
            ],
            [
              -70.986175,
              42.45877
            ],
            [
              -70.98568,
              42.459216999999995
            ],
            [
              -70.98568,
              42.459255999999996
            ],
            [
              -70.98562299999999,
              42.459413999999995
            ],
            [
              -70.98559399999999,
              42.459496
            ],
            [
              -70.985601,
              42.459593999999996
            ],
            [
              -70.985609,
              42.459699
            ],
            [
              -70.986364,
              42.459765999999995
            ],
            [
              -70.986381,
              42.459644
            ],
            [
              -70.986891,
              42.459438999999996
            ],
            [
              -70.987177,
              42.459139
            ],
            [
              -70.98736,
              42.458946
            ],
            [
              -70.98764,
              42.458800000000004
            ],
            [
              -70.987811,
              42.458769
            ],
            [
              -70.988075,
              42.45872
            ],
            [
              -70.988264,
              42.458794
            ],
            [
              -70.988787,
              42.459582
            ],
            [
              -70.988839,
              42.459595
            ],
            [
              -70.988919,
              42.459616
            ],
            [
              -70.98896599999999,
              42.459624
            ],
            [
              -70.989058,
              42.459658999999995
            ],
            [
              -70.989139,
              42.459689
            ],
            [
              -70.989165,
              42.459776999999995
            ],
            [
              -70.989311,
              42.460181
            ],
            [
              -70.989338,
              42.460232
            ],
            [
              -70.989443,
              42.460513999999996
            ],
            [
              -70.989876,
              42.461669
            ],
            [
              -70.990878,
              42.464324
            ],
            [
              -70.99169499999999,
              42.466431
            ],
            [
              -70.99194899999999,
              42.467116999999995
            ],
            [
              -70.992268,
              42.467929
            ],
            [
              -70.992265,
              42.467946999999995
            ],
            [
              -70.99232099999999,
              42.468086
            ],
            [
              -70.992852,
              42.469488999999996
            ],
            [
              -70.993273,
              42.470588
            ],
            [
              -70.993533,
              42.47128
            ],
            [
              -70.993595,
              42.471449
            ],
            [
              -70.99378399999999,
              42.471947
            ],
            [
              -70.99396399999999,
              42.472406
            ],
            [
              -70.99423,
              42.473119
            ],
            [
              -70.994286,
              42.473267
            ],
            [
              -70.994395,
              42.473554
            ],
            [
              -70.994407,
              42.473586
            ],
            [
              -70.9948,
              42.474621
            ],
            [
              -70.994908,
              42.474906
            ],
            [
              -70.99508399999999,
              42.47537
            ],
            [
              -70.995381,
              42.47615
            ],
            [
              -70.995674,
              42.476918999999995
            ],
            [
              -70.99586699999999,
              42.477427
            ],
            [
              -70.999371,
              42.48665
            ],
            [
              -70.999738,
              42.487612
            ],
            [
              -71.00014999999999,
              42.488696999999995
            ],
            [
              -71.000232,
              42.488913
            ],
            [
              -71.00045,
              42.489515
            ],
            [
              -71.000485,
              42.489602
            ],
            [
              -71.000576,
              42.489826
            ],
            [
              -71.00076899999999,
              42.490311999999996
            ],
            [
              -71.00133,
              42.491789999999995
            ],
            [
              -71.001706,
              42.49279
            ],
            [
              -71.002076,
              42.493798
            ],
            [
              -71.00228299999999,
              42.494307
            ],
            [
              -71.002348,
              42.494502999999995
            ],
            [
              -71.002765,
              42.495554999999996
            ],
            [
              -71.00303,
              42.49622
            ],
            [
              -71.003081,
              42.496407
            ],
            [
              -71.003982,
              42.496944
            ],
            [
              -71.00736599999999,
              42.499036
            ],
            [
              -71.01146899999999,
              42.501546999999995
            ],
            [
              -71.011483,
              42.501563
            ],
            [
              -71.011623,
              42.501647999999996
            ]
          ]
        ]
      }
    },
    {
      "type": "Feature",
      "properties": {
        "name": "Boston",
        "full_name": "Boston city",
        "gateway_city": false,
        "work_type": "Major City"
      },
      "geometry": {
        "type": "Polygon",
        "coordinates": [
          [
            [
              -71.191234,
              42.283001999999996
            ],
            [
              -71.191187,
              42.283035999999996
            ],
            [
              -71.191155,
              42.283059
            ],
            [
              -71.190904,
              42.283248
            ],
            [
              -71.1907,
              42.283435999999995
            ],
            [
              -71.190112,
              42.283981
            ],
            [
              -71.18838,
              42.285581
            ],
            [
              -71.187378,
              42.286515
            ],
            [
              -71.18634999999999,
              42.287459999999996
            ],
            [
              -71.178636,
              42.294595
            ],
            [
              -71.178611,
              42.29461
            ],
            [
              -71.176362,
              42.296102
            ],
            [
              -71.170439,
              42.300021
            ],
            [
              -71.169808,
              42.300443
            ],
            [
              -71.168424,
              42.301362
            ],
            [
              -71.168289,
              42.301449
            ],
            [
              -71.168266,
              42.301458
            ],
            [
              -71.16810199999999,
              42.301561
            ],
            [
              -71.16791599999999,
              42.301688
            ],
            [
              -71.167341,
              42.302068
            ],
            [
              -71.167247,
              42.302143
            ],
            [
              -71.167108,
              42.302234
            ],
            [
              -71.166539,
              42.302611999999996
            ],
            [
              -71.165122,
              42.303551999999996
            ],
            [
              -71.16470199999999,
              42.30383
            ],
            [
              -71.16458899999999,
              42.303747
            ],
            [
              -71.163437,
              42.302901
            ],
            [
              -71.16316599999999,
              42.302702
            ],
            [
              -71.162874,
              42.302487
            ],
            [
              -71.16150999999999,
              42.301494
            ],
            [
              -71.16010399999999,
              42.300453999999995
            ],
            [
              -71.158743,
              42.299454999999995
            ],
            [
              -71.157718,
              42.298702999999996
            ],
            [
              -71.15720499999999,
              42.298327
            ],
            [
              -71.156976,
              42.298159
            ],
            [
              -71.15683899999999,
              42.298058
            ],
            [
              -71.15575,
              42.297258
            ],
            [
              -71.155638,
              42.297176
            ],
            [
              -71.155585,
              42.297137
            ],
            [
              -71.155552,
              42.297112999999996
            ],
            [
              -71.155504,
              42.297078
            ],
            [
              -71.155468,
              42.297050999999996
            ],
            [
              -71.155452,
              42.297039999999996
            ],
            [
              -71.155442,
              42.297022999999996
            ],
            [
              -71.155413,
              42.296993
            ],
            [
              -71.154871,
              42.296613
            ],
            [
              -71.15482999999999,
              42.296583
            ],
            [
              -71.15469,
              42.296479999999995
            ],
            [
              -71.154498,
              42.296338999999996
            ],
            [
              -71.153691,
              42.295746
            ],
            [
              -71.153457,
              42.295575
            ],
            [
              -71.152509,
              42.294878999999995
            ],
            [
              -71.152211,
              42.29466
            ],
            [
              -71.152183,
              42.294638
            ],
            [
              -71.152148,
              42.294613
            ],
            [
              -71.152025,
              42.294669
            ],
            [
              -71.15198699999999,
              42.294688
            ],
            [
              -71.151135,
              42.295113
            ],
            [
              -71.150379,
              42.29549
            ],
            [
              -71.1503,
              42.29553
            ],
            [
              -71.150012,
              42.295677999999995
            ],
            [
              -71.148781,
              42.296307999999996
            ],
            [
              -71.148603,
              42.296399
            ],
            [
              -71.14829,
              42.296558
            ],
            [
              -71.14792,
              42.296749
            ],
            [
              -71.147497,
              42.296963
            ],
            [
              -71.14748399999999,
              42.296972
            ],
            [
              -71.147286,
              42.297075
            ],
            [
              -71.147036,
              42.297201
            ],
            [
              -71.146883,
              42.29728
            ],
            [
              -71.146824,
              42.297322
            ],
            [
              -71.145967,
              42.297939
            ],
            [
              -71.144144,
              42.299254
            ],
            [
              -71.144053,
              42.29932
            ],
            [
              -71.143472,
              42.299738
            ],
            [
              -71.142308,
              42.300581
            ],
            [
              -71.141534,
              42.301137999999995
            ],
            [
              -71.140135,
              42.302147
            ],
            [
              -71.140096,
              42.302172999999996
            ],
            [
              -71.139663,
              42.302662
            ],
            [
              -71.139309,
              42.303056
            ],
            [
              -71.13861399999999,
              42.303833999999995
            ],
            [
              -71.138241,
              42.304252
            ],
            [
              -71.136502,
              42.306204
            ],
            [
              -71.136112,
              42.306756
            ],
            [
              -71.135389,
              42.307779
            ],
            [
              -71.135329,
              42.307862
            ],
            [
              -71.135008,
              42.308318
            ],
            [
              -71.134885,
              42.308492
            ],
            [
              -71.13445899999999,
              42.309096
            ],
            [
              -71.134359,
              42.309252
            ],
            [
              -71.134098,
              42.309675999999996
            ],
            [
              -71.133163,
              42.311204
            ],
            [
              -71.132834,
              42.311693
            ],
            [
              -71.131863,
              42.313178
            ],
            [
              -71.131749,
              42.313303
            ],
            [
              -71.131334,
              42.313759999999995
            ],
            [
              -71.130955,
              42.314178999999996
            ],
            [
              -71.130642,
              42.31453
            ],
            [
              -71.13054199999999,
              42.314642
            ],
            [
              -71.130263,
              42.314976
            ],
            [
              -71.129637,
              42.315725
            ],
            [
              -71.12942199999999,
              42.315982
            ],
            [
              -71.128959,
              42.316536
            ],
            [
              -71.128601,
              42.316959
            ],
            [
              -71.12832999999999,
              42.317271999999996
            ],
            [
              -71.128185,
              42.317440999999995
            ],
            [
              -71.12735099999999,
              42.318408
            ],
            [
              -71.127177,
              42.318607
            ],
            [
              -71.127067,
              42.318732999999995
            ],
            [
              -71.126887,
              42.318934999999996
            ],
            [
              -71.125793,
              42.320155
            ],
            [
              -71.12542499999999,
              42.320567
            ],
            [
              -71.125011,
              42.321028999999996
            ],
            [
              -71.12460899999999,
              42.321479
            ],
            [
              -71.124568,
              42.321523
            ],
            [
              -71.124459,
              42.321646
            ],
            [
              -71.124269,
              42.321856
            ],
            [
              -71.123972,
              42.322313
            ],
            [
              -71.123711,
              42.322716
            ],
            [
              -71.123367,
              42.322570999999996
            ],
            [
              -71.121528,
              42.323882
            ],
            [
              -71.120391,
              42.323042
            ],
            [
              -71.120141,
              42.322856
            ],
            [
              -71.12011199999999,
              42.322835
            ],
            [
              -71.120044,
              42.322815999999996
            ],
            [
              -71.119963,
              42.322793
            ],
            [
              -71.11992,
              42.322793
            ],
            [
              -71.11986399999999,
              42.322782
            ],
            [
              -71.119539,
              42.322745
            ],
            [
              -71.119436,
              42.322735
            ],
            [
              -71.118944,
              42.322842
            ],
            [
              -71.11887,
              42.322858
            ],
            [
              -71.11878899999999,
              42.322916
            ],
            [
              -71.118766,
              42.322932
            ],
            [
              -71.118696,
              42.322981999999996
            ],
            [
              -71.118509,
              42.323116
            ],
            [
              -71.118479,
              42.3233
            ],
            [
              -71.118479,
              42.323381999999995
            ],
            [
              -71.118398,
              42.323454999999996
            ],
            [
              -71.11828,
              42.323491
            ],
            [
              -71.118009,
              42.323536
            ],
            [
              -71.117786,
              42.323554
            ],
            [
              -71.117453,
              42.323617
            ],
            [
              -71.117069,
              42.323698
            ],
            [
              -71.116772,
              42.323769999999996
            ],
            [
              -71.11667299999999,
              42.323823999999995
            ],
            [
              -71.116643,
              42.323848999999996
            ],
            [
              -71.116537,
              42.323938999999996
            ],
            [
              -71.116424,
              42.324117
            ],
            [
              -71.116362,
              42.324309
            ],
            [
              -71.116404,
              42.324501999999995
            ],
            [
              -71.116329,
              42.324597999999995
            ],
            [
              -71.11634699999999,
              42.324692
            ],
            [
              -71.116353,
              42.32479
            ],
            [
              -71.116272,
              42.324946
            ],
            [
              -71.116253,
              42.325064999999995
            ],
            [
              -71.116208,
              42.325202
            ],
            [
              -71.116148,
              42.325257
            ],
            [
              -71.116134,
              42.325271
            ],
            [
              -71.11609,
              42.325381
            ],
            [
              -71.116039,
              42.325509
            ],
            [
              -71.115977,
              42.325658
            ],
            [
              -71.115948,
              42.325734999999995
            ],
            [
              -71.11594699999999,
              42.325811
            ],
            [
              -71.115929,
              42.325855
            ],
            [
              -71.115945,
              42.325953999999996
            ],
            [
              -71.116023,
              42.326133999999996
            ],
            [
              -71.11605,
              42.326226999999996
            ],
            [
              -71.116022,
              42.326302
            ],
            [
              -71.115973,
              42.326391
            ],
            [
              -71.11584599999999,
              42.326577
            ],
            [
              -71.115589,
              42.326803
            ],
            [
              -71.115524,
              42.326795
            ],
            [
              -71.11544599999999,
              42.326826
            ],
            [
              -71.115346,
              42.326875
            ],
            [
              -71.11527099999999,
              42.326934
            ],
            [
              -71.11523799999999,
              42.326988
            ],
            [
              -71.11504,
              42.327307999999995
            ],
            [
              -71.114836,
              42.327749
            ],
            [
              -71.114547,
              42.328371999999995
            ],
            [
              -71.113944,
              42.329673
            ],
            [
              -71.11371299999999,
              42.330177
            ],
            [
              -71.113575,
              42.330467
            ],
            [
              -71.11344799999999,
              42.330954
            ],
            [
              -71.11344199999999,
              42.331007
            ],
            [
              -71.113353,
              42.331731
            ],
            [
              -71.113345,
              42.331778
            ],
            [
              -71.113325,
              42.331902
            ],
            [
              -71.113308,
              42.332006
            ],
            [
              -71.11329599999999,
              42.332097999999995
            ],
            [
              -71.113297,
              42.332175
            ],
            [
              -71.113271,
              42.332217
            ],
            [
              -71.113233,
              42.332235999999995
            ],
            [
              -71.113235,
              42.33229
            ],
            [
              -71.11326199999999,
              42.332339
            ],
            [
              -71.11321199999999,
              42.332457999999995
            ],
            [
              -71.113154,
              42.33253
            ],
            [
              -71.11308799999999,
              42.332603999999996
            ],
            [
              -71.11296899999999,
              42.332695
            ],
            [
              -71.112833,
              42.332848
            ],
            [
              -71.112658,
              42.333075
            ],
            [
              -71.112578,
              42.33321
            ],
            [
              -71.112518,
              42.333313
            ],
            [
              -71.112459,
              42.33343
            ],
            [
              -71.112442,
              42.333441
            ],
            [
              -71.11238999999999,
              42.333529
            ],
            [
              -71.112192,
              42.333801
            ],
            [
              -71.112053,
              42.333901999999995
            ],
            [
              -71.111958,
              42.334027
            ],
            [
              -71.11176499999999,
              42.334168
            ],
            [
              -71.11156799999999,
              42.334374
            ],
            [
              -71.111413,
              42.334525
            ],
            [
              -71.111339,
              42.3346
            ],
            [
              -71.111116,
              42.334733
            ],
            [
              -71.110969,
              42.334874
            ],
            [
              -71.110591,
              42.335249
            ],
            [
              -71.110533,
              42.33533
            ],
            [
              -71.110517,
              42.335403
            ],
            [
              -71.110553,
              42.335463999999995
            ],
            [
              -71.110733,
              42.335533
            ],
            [
              -71.11080799999999,
              42.335586
            ],
            [
              -71.110929,
              42.335671999999995
            ],
            [
              -71.11099,
              42.335757
            ],
            [
              -71.11099899999999,
              42.335822
            ],
            [
              -71.111,
              42.335833
            ],
            [
              -71.110979,
              42.335944999999995
            ],
            [
              -71.110901,
              42.336013
            ],
            [
              -71.110751,
              42.336168
            ],
            [
              -71.11071299999999,
              42.336211999999996
            ],
            [
              -71.11070000000001,
              42.336262
            ],
            [
              -71.110708,
              42.336307999999995
            ],
            [
              -71.1108,
              42.336431999999995
            ],
            [
              -71.110908,
              42.336546999999996
            ],
            [
              -71.111008,
              42.336602
            ],
            [
              -71.111057,
              42.336622
            ],
            [
              -71.111114,
              42.336663
            ],
            [
              -71.111154,
              42.336718999999995
            ],
            [
              -71.11117,
              42.33677
            ],
            [
              -71.111192,
              42.33687
            ],
            [
              -71.1112,
              42.336906
            ],
            [
              -71.11122,
              42.336988999999996
            ],
            [
              -71.111245,
              42.337022999999995
            ],
            [
              -71.111296,
              42.337084999999995
            ],
            [
              -71.11141599999999,
              42.337185
            ],
            [
              -71.111443,
              42.337205999999995
            ],
            [
              -71.11155099999999,
              42.337299
            ],
            [
              -71.111559,
              42.337381
            ],
            [
              -71.111533,
              42.337458
            ],
            [
              -71.111466,
              42.337545999999996
            ],
            [
              -71.111402,
              42.33763
            ],
            [
              -71.111313,
              42.337902
            ],
            [
              -71.111114,
              42.338364999999996
            ],
            [
              -71.11103,
              42.338564
            ],
            [
              -71.110936,
              42.338744
            ],
            [
              -71.110885,
              42.338884
            ],
            [
              -71.11085,
              42.339507999999995
            ],
            [
              -71.110764,
              42.339718
            ],
            [
              -71.110675,
              42.339898
            ],
            [
              -71.11068,
              42.339991
            ],
            [
              -71.11071,
              42.340043
            ],
            [
              -71.11072,
              42.340081999999995
            ],
            [
              -71.110711,
              42.340129999999995
            ],
            [
              -71.110663,
              42.340271
            ],
            [
              -71.11063299999999,
              42.340333
            ],
            [
              -71.110597,
              42.340405
            ],
            [
              -71.110579,
              42.340443
            ],
            [
              -71.11057,
              42.340454
            ],
            [
              -71.110469,
              42.340592
            ],
            [
              -71.11036,
              42.340733
            ],
            [
              -71.110177,
              42.340959
            ],
            [
              -71.110089,
              42.341032
            ],
            [
              -71.10998599999999,
              42.341107
            ],
            [
              -71.10985,
              42.341169
            ],
            [
              -71.10976699999999,
              42.341221999999995
            ],
            [
              -71.10968299999999,
              42.341361
            ],
            [
              -71.109659,
              42.341401
            ],
            [
              -71.1096,
              42.341459
            ],
            [
              -71.10955299999999,
              42.341494
            ],
            [
              -71.109357,
              42.341581
            ],
            [
              -71.10904099999999,
              42.341665
            ],
            [
              -71.10877099999999,
              42.341747999999995
            ],
            [
              -71.10849,
              42.341837
            ],
            [
              -71.108435,
              42.341873
            ],
            [
              -71.108412,
              42.341888
            ],
            [
              -71.108291,
              42.341981
            ],
            [
              -71.108255,
              42.342029
            ],
            [
              -71.108239,
              42.342058
            ],
            [
              -71.108226,
              42.342107999999996
            ],
            [
              -71.108226,
              42.342186999999996
            ],
            [
              -71.10822499999999,
              42.342272
            ],
            [
              -71.108194,
              42.34233
            ],
            [
              -71.108116,
              42.342406
            ],
            [
              -71.10802699999999,
              42.342478
            ],
            [
              -71.10788699999999,
              42.342551
            ],
            [
              -71.10744199999999,
              42.342687
            ],
            [
              -71.107246,
              42.342804
            ],
            [
              -71.10721099999999,
              42.342817
            ],
            [
              -71.107201,
              42.342825
            ],
            [
              -71.107141,
              42.342859
            ],
            [
              -71.107069,
              42.342889
            ],
            [
              -71.10690799999999,
              42.342954
            ],
            [
              -71.106661,
              42.343035
            ],
            [
              -71.106582,
              42.343072
            ],
            [
              -71.10651399999999,
              42.343106
            ],
            [
              -71.106304,
              42.343261999999996
            ],
            [
              -71.106245,
              42.343323
            ],
            [
              -71.106229,
              42.343368999999996
            ],
            [
              -71.10622099999999,
              42.343433
            ],
            [
              -71.106174,
              42.343491
            ],
            [
              -71.106072,
              42.343582999999995
            ],
            [
              -71.10606,
              42.343589
            ],
            [
              -71.10585999999999,
              42.343692
            ],
            [
              -71.105693,
              42.343751
            ],
            [
              -71.10561,
              42.343789
            ],
            [
              -71.105516,
              42.343812
            ],
            [
              -71.105558,
              42.343897999999996
            ],
            [
              -71.105581,
              42.343942
            ],
            [
              -71.10566899999999,
              42.34412
            ],
            [
              -71.10577599999999,
              42.344316
            ],
            [
              -71.105796,
              42.344397
            ],
            [
              -71.10583,
              42.344448
            ],
            [
              -71.10591,
              42.344566
            ],
            [
              -71.106251,
              42.34507
            ],
            [
              -71.106332,
              42.345222
            ],
            [
              -71.106349,
              42.345253
            ],
            [
              -71.106382,
              42.345326
            ],
            [
              -71.10647999999999,
              42.345546
            ],
            [
              -71.10651299999999,
              42.34562
            ],
            [
              -71.106527,
              42.345645999999995
            ],
            [
              -71.106571,
              42.345727
            ],
            [
              -71.106586,
              42.345754
            ],
            [
              -71.106616,
              42.34581
            ],
            [
              -71.106709,
              42.345983
            ],
            [
              -71.10674,
              42.346039999999995
            ],
            [
              -71.10675599999999,
              42.346081999999996
            ],
            [
              -71.106777,
              42.346137999999996
            ],
            [
              -71.106805,
              42.34621
            ],
            [
              -71.106821,
              42.346253
            ],
            [
              -71.10686299999999,
              42.346334999999996
            ],
            [
              -71.10699,
              42.346581
            ],
            [
              -71.107033,
              42.346664
            ],
            [
              -71.10704199999999,
              42.346681
            ],
            [
              -71.107069,
              42.346734
            ],
            [
              -71.107078,
              42.346751999999995
            ],
            [
              -71.10719399999999,
              42.346976999999995
            ],
            [
              -71.107213,
              42.347049
            ],
            [
              -71.10712099999999,
              42.34747
            ],
            [
              -71.107107,
              42.347544
            ],
            [
              -71.107064,
              42.347766
            ],
            [
              -71.10705,
              42.34784
            ],
            [
              -71.107032,
              42.347915
            ],
            [
              -71.106978,
              42.348143
            ],
            [
              -71.10696,
              42.348219
            ],
            [
              -71.106894,
              42.348588
            ],
            [
              -71.106854,
              42.348759
            ],
            [
              -71.106825,
              42.348889
            ],
            [
              -71.10678899999999,
              42.349052
            ],
            [
              -71.106702,
              42.349433
            ],
            [
              -71.10656999999999,
              42.349911999999996
            ],
            [
              -71.10663699999999,
              42.34992
            ],
            [
              -71.106827,
              42.349942999999996
            ],
            [
              -71.10690699999999,
              42.349953
            ],
            [
              -71.107303,
              42.350001999999996
            ],
            [
              -71.10848899999999,
              42.350147
            ],
            [
              -71.108884,
              42.350196
            ],
            [
              -71.108991,
              42.350209
            ],
            [
              -71.109312,
              42.350248
            ],
            [
              -71.10941799999999,
              42.350260999999996
            ],
            [
              -71.109501,
              42.350269
            ],
            [
              -71.109569,
              42.350274999999996
            ],
            [
              -71.109749,
              42.350291999999996
            ],
            [
              -71.109831,
              42.350300000000004
            ],
            [
              -71.109948,
              42.350316
            ],
            [
              -71.110299,
              42.350364
            ],
            [
              -71.110415,
              42.35038
            ],
            [
              -71.11049899999999,
              42.350392
            ],
            [
              -71.110751,
              42.350426
            ],
            [
              -71.110834,
              42.350438
            ],
            [
              -71.11088,
              42.350442
            ],
            [
              -71.110894,
              42.350443
            ],
            [
              -71.110916,
              42.350443999999996
            ],
            [
              -71.110936,
              42.350446
            ],
            [
              -71.111113,
              42.350466999999995
            ],
            [
              -71.11128099999999,
              42.350487
            ],
            [
              -71.11150599999999,
              42.350514
            ],
            [
              -71.113215,
              42.350716999999996
            ],
            [
              -71.113635,
              42.350767
            ],
            [
              -71.113784,
              42.35078
            ],
            [
              -71.114014,
              42.350806999999996
            ],
            [
              -71.114094,
              42.350815999999995
            ],
            [
              -71.114701,
              42.350885999999996
            ],
            [
              -71.114929,
              42.350913
            ],
            [
              -71.115106,
              42.350933999999995
            ],
            [
              -71.11563199999999,
              42.350995999999995
            ],
            [
              -71.115808,
              42.351017
            ],
            [
              -71.11609399999999,
              42.351054999999995
            ],
            [
              -71.116951,
              42.351168
            ],
            [
              -71.117237,
              42.351206
            ],
            [
              -71.117445,
              42.35123
            ],
            [
              -71.11806899999999,
              42.351302
            ],
            [
              -71.11827699999999,
              42.351326
            ],
            [
              -71.11831,
              42.35133
            ],
            [
              -71.11834,
              42.351333
            ],
            [
              -71.11840699999999,
              42.35134
            ],
            [
              -71.118439,
              42.351344
            ],
            [
              -71.118809,
              42.351386
            ],
            [
              -71.119723,
              42.351489
            ],
            [
              -71.119918,
              42.351513
            ],
            [
              -71.120286,
              42.351557
            ],
            [
              -71.120491,
              42.351580999999996
            ],
            [
              -71.120535,
              42.351586
            ],
            [
              -71.121106,
              42.351652
            ],
            [
              -71.12131099999999,
              42.351675
            ],
            [
              -71.12152999999999,
              42.351701999999996
            ],
            [
              -71.12218299999999,
              42.351780999999995
            ],
            [
              -71.12222899999999,
              42.351787
            ],
            [
              -71.122243,
              42.351789
            ],
            [
              -71.122275,
              42.351793
            ],
            [
              -71.1224,
              42.351808
            ],
            [
              -71.12242599999999,
              42.35181
            ],
            [
              -71.122855,
              42.351861
            ],
            [
              -71.122942,
              42.351416
            ],
            [
              -71.12351799999999,
              42.351486
            ],
            [
              -71.123988,
              42.351541999999995
            ],
            [
              -71.124067,
              42.351552
            ],
            [
              -71.124129,
              42.351526
            ],
            [
              -71.124453,
              42.351389999999995
            ],
            [
              -71.124556,
              42.351335999999996
            ],
            [
              -71.124635,
              42.351293999999996
            ],
            [
              -71.124697,
              42.351259999999996
            ],
            [
              -71.124755,
              42.35123
            ],
            [
              -71.12552699999999,
              42.350789
            ],
            [
              -71.125889,
              42.350577
            ],
            [
              -71.126215,
              42.350412
            ],
            [
              -71.126854,
              42.350088
            ],
            [
              -71.127484,
              42.350004
            ],
            [
              -71.127506,
              42.349993999999995
            ],
            [
              -71.127674,
              42.349968
            ],
            [
              -71.127935,
              42.349931
            ],
            [
              -71.12858299999999,
              42.349833
            ],
            [
              -71.12858,
              42.349696
            ],
            [
              -71.12877999999999,
              42.349559
            ],
            [
              -71.129004,
              42.349374999999995
            ],
            [
              -71.129145,
              42.349244
            ],
            [
              -71.12928099999999,
              42.349067
            ],
            [
              -71.129746,
              42.34885
            ],
            [
              -71.13013699999999,
              42.348659999999995
            ],
            [
              -71.130527,
              42.348476
            ],
            [
              -71.130755,
              42.348368
            ],
            [
              -71.131074,
              42.348216
            ],
            [
              -71.131275,
              42.348121
            ],
            [
              -71.132007,
              42.347773
            ],
            [
              -71.133381,
              42.347122
            ],
            [
              -71.134254,
              42.346576999999996
            ],
            [
              -71.135155,
              42.346022999999995
            ],
            [
              -71.135278,
              42.345940999999996
            ],
            [
              -71.13545599999999,
              42.345794999999995
            ],
            [
              -71.13598499999999,
              42.345366
            ],
            [
              -71.136758,
              42.344744999999996
            ],
            [
              -71.137109,
              42.344460999999995
            ],
            [
              -71.137361,
              42.344257
            ],
            [
              -71.137824,
              42.343876
            ],
            [
              -71.13796599999999,
              42.343768
            ],
            [
              -71.138497,
              42.343337999999996
            ],
            [
              -71.13865299999999,
              42.343212
            ],
            [
              -71.13875,
              42.343134
            ],
            [
              -71.138809,
              42.343087
            ],
            [
              -71.138902,
              42.343011
            ],
            [
              -71.139977,
              42.34214
            ],
            [
              -71.14007,
              42.342089
            ],
            [
              -71.14071,
              42.341552
            ],
            [
              -71.14109499999999,
              42.341235999999995
            ],
            [
              -71.14129799999999,
              42.341069999999995
            ],
            [
              -71.14132599999999,
              42.341048
            ],
            [
              -71.141353,
              42.34101
            ],
            [
              -71.141449,
              42.340876
            ],
            [
              -71.14161899999999,
              42.340641
            ],
            [
              -71.14175399999999,
              42.340396
            ],
            [
              -71.141939,
              42.340008
            ],
            [
              -71.142344,
              42.340055
            ],
            [
              -71.142395,
              42.340061
            ],
            [
              -71.142487,
              42.340059
            ],
            [
              -71.14250799999999,
              42.340059
            ],
            [
              -71.142631,
              42.340056
            ],
            [
              -71.144212,
              42.340022
            ],
            [
              -71.144655,
              42.339737
            ],
            [
              -71.144688,
              42.339715999999996
            ],
            [
              -71.144779,
              42.339656999999995
            ],
            [
              -71.145275,
              42.339338
            ],
            [
              -71.14556,
              42.339130999999995
            ],
            [
              -71.145804,
              42.338955
            ],
            [
              -71.14616199999999,
              42.338696999999996
            ],
            [
              -71.146215,
              42.338632
            ],
            [
              -71.146245,
              42.338595
            ],
            [
              -71.146506,
              42.338553999999995
            ],
            [
              -71.14660599999999,
              42.338536999999995
            ],
            [
              -71.146489,
              42.338161
            ],
            [
              -71.146416,
              42.338100999999995
            ],
            [
              -71.14634199999999,
              42.338035999999995
            ],
            [
              -71.146259,
              42.337772
            ],
            [
              -71.14615599999999,
              42.337441999999996
            ],
            [
              -71.14645399999999,
              42.337377
            ],
            [
              -71.146749,
              42.337312999999995
            ],
            [
              -71.147266,
              42.337201
            ],
            [
              -71.148742,
              42.336866
            ],
            [
              -71.14871099999999,
              42.33679
            ],
            [
              -71.14858,
              42.336487
            ],
            [
              -71.148555,
              42.336422999999996
            ],
            [
              -71.148516,
              42.33633
            ],
            [
              -71.14849199999999,
              42.336273999999996
            ],
            [
              -71.148482,
              42.336253
            ],
            [
              -71.148474,
              42.336231
            ],
            [
              -71.14829499999999,
              42.335806999999996
            ],
            [
              -71.14852599999999,
              42.335752
            ],
            [
              -71.1496,
              42.335501
            ],
            [
              -71.149652,
              42.335488
            ],
            [
              -71.150059,
              42.335392999999996
            ],
            [
              -71.150104,
              42.335282
            ],
            [
              -71.150134,
              42.33521
            ],
            [
              -71.15046099999999,
              42.334967999999996
            ],
            [
              -71.149956,
              42.334691
            ],
            [
              -71.149853,
              42.334635
            ],
            [
              -71.154962,
              42.331616
            ],
            [
              -71.156262,
              42.330847
            ],
            [
              -71.15703599999999,
              42.33039
            ],
            [
              -71.157113,
              42.330466
            ],
            [
              -71.15734599999999,
              42.330714
            ],
            [
              -71.15750799999999,
              42.330886
            ],
            [
              -71.157667,
              42.331058999999996
            ],
            [
              -71.158546,
              42.331984
            ],
            [
              -71.158716,
              42.332162
            ],
            [
              -71.158956,
              42.332423999999996
            ],
            [
              -71.159325,
              42.332768
            ],
            [
              -71.159723,
              42.333036
            ],
            [
              -71.16017,
              42.333272
            ],
            [
              -71.16026,
              42.333318999999996
            ],
            [
              -71.160347,
              42.333365
            ],
            [
              -71.160917,
              42.333639
            ],
            [
              -71.161295,
              42.333783
            ],
            [
              -71.161721,
              42.333886
            ],
            [
              -71.162099,
              42.333943999999995
            ],
            [
              -71.16229799999999,
              42.333965
            ],
            [
              -71.162525,
              42.333966
            ],
            [
              -71.16273199999999,
              42.333960999999995
            ],
            [
              -71.162972,
              42.333946999999995
            ],
            [
              -71.163667,
              42.33387
            ],
            [
              -71.16403199999999,
              42.333829
            ],
            [
              -71.16431,
              42.333798
            ],
            [
              -71.164776,
              42.333746999999995
            ],
            [
              -71.16519,
              42.333690999999995
            ],
            [
              -71.165437,
              42.333672
            ],
            [
              -71.166461,
              42.333560999999996
            ],
            [
              -71.166766,
              42.333528
            ],
            [
              -71.167565,
              42.333441
            ],
            [
              -71.168021,
              42.334426
            ],
            [
              -71.168191,
              42.334790999999996
            ],
            [
              -71.16841,
              42.335021999999995
            ],
            [
              -71.168471,
              42.335085
            ],
            [
              -71.16857,
              42.335142999999995
            ],
            [
              -71.168886,
              42.335826
            ],
            [
              -71.168859,
              42.336304
            ],
            [
              -71.169122,
              42.337376
            ],
            [
              -71.169192,
              42.337883
            ],
            [
              -71.169217,
              42.338068
            ],
            [
              -71.16908699999999,
              42.338245
            ],
            [
              -71.168936,
              42.338449
            ],
            [
              -71.168633,
              42.338629
            ],
            [
              -71.16831499999999,
              42.338741999999996
            ],
            [
              -71.167729,
              42.338955
            ],
            [
              -71.167701,
              42.338964999999995
            ],
            [
              -71.166808,
              42.33929
            ],
            [
              -71.16673999999999,
              42.339853999999995
            ],
            [
              -71.166699,
              42.340008999999995
            ],
            [
              -71.166687,
              42.340074
            ],
            [
              -71.16668299999999,
              42.340104
            ],
            [
              -71.166989,
              42.340464
            ],
            [
              -71.16812399999999,
              42.341916999999995
            ],
            [
              -71.168323,
              42.342168
            ],
            [
              -71.169421,
              42.343531
            ],
            [
              -71.170003,
              42.344252
            ],
            [
              -71.171898,
              42.346655
            ],
            [
              -71.17232,
              42.347173
            ],
            [
              -71.173171,
              42.348208
            ],
            [
              -71.173418,
              42.348531
            ],
            [
              -71.17426499999999,
              42.349584
            ],
            [
              -71.174708,
              42.350155
            ],
            [
              -71.174798,
              42.350265
            ],
            [
              -71.174798,
              42.350277
            ],
            [
              -71.17484999999999,
              42.350336999999996
            ],
            [
              -71.174798,
              42.35051
            ],
            [
              -71.174752,
              42.350663999999995
            ],
            [
              -71.174706,
              42.350817
            ],
            [
              -71.17464199999999,
              42.351032
            ],
            [
              -71.174626,
              42.351085
            ],
            [
              -71.174572,
              42.351265999999995
            ],
            [
              -71.174463,
              42.351634
            ],
            [
              -71.174438,
              42.351717
            ],
            [
              -71.174404,
              42.35183
            ],
            [
              -71.174376,
              42.351925
            ],
            [
              -71.17430399999999,
              42.352165
            ],
            [
              -71.17426,
              42.352311
            ],
            [
              -71.174132,
              42.35274
            ],
            [
              -71.17402899999999,
              42.353083
            ],
            [
              -71.173997,
              42.353195
            ],
            [
              -71.173935,
              42.353397
            ],
            [
              -71.17391599999999,
              42.353465
            ],
            [
              -71.17353299999999,
              42.353863
            ],
            [
              -71.172887,
              42.354532999999996
            ],
            [
              -71.17277299999999,
              42.354651
            ],
            [
              -71.172693,
              42.354735
            ],
            [
              -71.17258,
              42.354852
            ],
            [
              -71.17231,
              42.355132
            ],
            [
              -71.171548,
              42.355922
            ],
            [
              -71.171387,
              42.356089
            ],
            [
              -71.17117,
              42.356314999999995
            ],
            [
              -71.170996,
              42.356494999999995
            ],
            [
              -71.170656,
              42.356848
            ],
            [
              -71.170397,
              42.357115
            ],
            [
              -71.170064,
              42.357467
            ],
            [
              -71.1699,
              42.357625999999996
            ],
            [
              -71.169894,
              42.357641
            ],
            [
              -71.169474,
              42.358047
            ],
            [
              -71.168624,
              42.358956
            ],
            [
              -71.168527,
              42.359051
            ],
            [
              -71.168279,
              42.359308
            ],
            [
              -71.168255,
              42.359331999999995
            ],
            [
              -71.168066,
              42.359528
            ],
            [
              -71.167642,
              42.360051
            ],
            [
              -71.167625,
              42.360073
            ],
            [
              -71.167608,
              42.360095
            ],
            [
              -71.167509,
              42.360082999999996
            ],
            [
              -71.167395,
              42.360074999999995
            ],
            [
              -71.16729699999999,
              42.360068999999996
            ],
            [
              -71.16682399999999,
              42.360036
            ],
            [
              -71.166488,
              42.359978
            ],
            [
              -71.166158,
              42.359907
            ],
            [
              -71.165877,
              42.359795
            ],
            [
              -71.165691,
              42.359707
            ],
            [
              -71.165348,
              42.359466
            ],
            [
              -71.165233,
              42.359367999999996
            ],
            [
              -71.164574,
              42.358805
            ],
            [
              -71.16421799999999,
              42.358630999999995
            ],
            [
              -71.163888,
              42.358523
            ],
            [
              -71.163629,
              42.358492
            ],
            [
              -71.163423,
              42.358464999999995
            ],
            [
              -71.163274,
              42.358463
            ],
            [
              -71.16300799999999,
              42.358469
            ],
            [
              -71.162601,
              42.358509
            ],
            [
              -71.162285,
              42.358564
            ],
            [
              -71.162105,
              42.358635
            ],
            [
              -71.161878,
              42.358736
            ],
            [
              -71.16169099999999,
              42.358858
            ],
            [
              -71.161508,
              42.358972
            ],
            [
              -71.161346,
              42.359071
            ],
            [
              -71.16096,
              42.35929
            ],
            [
              -71.160518,
              42.359497
            ],
            [
              -71.159746,
              42.359781
            ],
            [
              -71.159278,
              42.359902
            ],
            [
              -71.15883,
              42.359961999999996
            ],
            [
              -71.158501,
              42.359973
            ],
            [
              -71.157911,
              42.359958999999996
            ],
            [
              -71.157065,
              42.359939
            ],
            [
              -71.156725,
              42.359888999999995
            ],
            [
              -71.15636099999999,
              42.359852
            ],
            [
              -71.155611,
              42.359871
            ],
            [
              -71.15524599999999,
              42.359895
            ],
            [
              -71.154819,
              42.359964999999995
            ],
            [
              -71.15447499999999,
              42.360036
            ],
            [
              -71.154146,
              42.360126
            ],
            [
              -71.153705,
              42.360254999999995
            ],
            [
              -71.152945,
              42.360516
            ],
            [
              -71.152476,
              42.360678
            ],
            [
              -71.151994,
              42.360758
            ],
            [
              -71.15145,
              42.360817
            ],
            [
              -71.150645,
              42.360886
            ],
            [
              -71.15007299999999,
              42.360946
            ],
            [
              -71.149733,
              42.360977999999996
            ],
            [
              -71.149447,
              42.361005
            ],
            [
              -71.149027,
              42.361035
            ],
            [
              -71.148642,
              42.361069
            ],
            [
              -71.148332,
              42.361118999999995
            ],
            [
              -71.148084,
              42.361205
            ],
            [
              -71.147808,
              42.361306
            ],
            [
              -71.147573,
              42.361438
            ],
            [
              -71.147297,
              42.361636
            ],
            [
              -71.147239,
              42.361691
            ],
            [
              -71.14717,
              42.361754
            ],
            [
              -71.146979,
              42.361937
            ],
            [
              -71.146654,
              42.362210999999995
            ],
            [
              -71.14633599999999,
              42.362474999999996
            ],
            [
              -71.146135,
              42.362688999999996
            ],
            [
              -71.145927,
              42.362939
            ],
            [
              -71.145765,
              42.363240999999995
            ],
            [
              -71.145641,
              42.363447
            ],
            [
              -71.145549,
              42.363699
            ],
            [
              -71.145395,
              42.363944
            ],
            [
              -71.14524,
              42.364149999999995
            ],
            [
              -71.144956,
              42.364436
            ],
            [
              -71.144735,
              42.364633999999995
            ],
            [
              -71.144492,
              42.364822
            ],
            [
              -71.144065,
              42.365004
            ],
            [
              -71.143802,
              42.365055
            ],
            [
              -71.143667,
              42.365080999999996
            ],
            [
              -71.143294,
              42.365083999999996
            ],
            [
              -71.142909,
              42.365026
            ],
            [
              -71.142483,
              42.364937999999995
            ],
            [
              -71.14213699999999,
              42.364813
            ],
            [
              -71.14190599999999,
              42.364732
            ],
            [
              -71.141391,
              42.364573
            ],
            [
              -71.140999,
              42.364495
            ],
            [
              -71.140642,
              42.364422
            ],
            [
              -71.140408,
              42.364401
            ],
            [
              -71.140126,
              42.364416
            ],
            [
              -71.139892,
              42.364439999999995
            ],
            [
              -71.139692,
              42.364475
            ],
            [
              -71.139464,
              42.364556
            ],
            [
              -71.139147,
              42.364703
            ],
            [
              -71.13897399999999,
              42.364815
            ],
            [
              -71.13856,
              42.365099
            ],
            [
              -71.137536,
              42.366
            ],
            [
              -71.137052,
              42.366420999999995
            ],
            [
              -71.136978,
              42.36647
            ],
            [
              -71.136573,
              42.366735
            ],
            [
              -71.136303,
              42.366912
            ],
            [
              -71.136161,
              42.367004
            ],
            [
              -71.13594599999999,
              42.367142
            ],
            [
              -71.135809,
              42.367231
            ],
            [
              -71.135719,
              42.367273999999995
            ],
            [
              -71.135594,
              42.367315
            ],
            [
              -71.13551,
              42.367343
            ],
            [
              -71.135353,
              42.367393
            ],
            [
              -71.13521999999999,
              42.367433999999996
            ],
            [
              -71.135065,
              42.367481999999995
            ],
            [
              -71.13472399999999,
              42.367568
            ],
            [
              -71.134168,
              42.367759
            ],
            [
              -71.133803,
              42.367942
            ],
            [
              -71.133444,
              42.368155
            ],
            [
              -71.132936,
              42.368486999999995
            ],
            [
              -71.132373,
              42.368891
            ],
            [
              -71.132117,
              42.369146
            ],
            [
              -71.131971,
              42.369333999999995
            ],
            [
              -71.131874,
              42.369496999999996
            ],
            [
              -71.13179,
              42.369686
            ],
            [
              -71.131774,
              42.369788
            ],
            [
              -71.131762,
              42.369864
            ],
            [
              -71.13177999999999,
              42.370004
            ],
            [
              -71.131794,
              42.370104
            ],
            [
              -71.131847,
              42.370387
            ],
            [
              -71.131937,
              42.370591
            ],
            [
              -71.13206,
              42.370824999999996
            ],
            [
              -71.13221,
              42.371009
            ],
            [
              -71.13232099999999,
              42.371127
            ],
            [
              -71.13278199999999,
              42.371544
            ],
            [
              -71.132871,
              42.371641
            ],
            [
              -71.13290599999999,
              42.371680999999995
            ],
            [
              -71.132978,
              42.371764999999996
            ],
            [
              -71.13302399999999,
              42.371818
            ],
            [
              -71.133044,
              42.37191
            ],
            [
              -71.133091,
              42.371976
            ],
            [
              -71.13314199999999,
              42.372166
            ],
            [
              -71.133179,
              42.372338
            ],
            [
              -71.133164,
              42.372447
            ],
            [
              -71.13315,
              42.372563
            ],
            [
              -71.133101,
              42.372701
            ],
            [
              -71.13296199999999,
              42.37294
            ],
            [
              -71.132719,
              42.373199
            ],
            [
              -71.132457,
              42.373382
            ],
            [
              -71.13207,
              42.373594999999995
            ],
            [
              -71.131525,
              42.373802
            ],
            [
              -71.131147,
              42.373867999999995
            ],
            [
              -71.130997,
              42.373892
            ],
            [
              -71.130685,
              42.373922
            ],
            [
              -71.130644,
              42.373923999999995
            ],
            [
              -71.130169,
              42.373961
            ],
            [
              -71.12962499999999,
              42.373944
            ],
            [
              -71.128951,
              42.373835
            ],
            [
              -71.12862799999999,
              42.373740999999995
            ],
            [
              -71.128203,
              42.373571999999996
            ],
            [
              -71.127922,
              42.373429
            ],
            [
              -71.127634,
              42.373259
            ],
            [
              -71.12727699999999,
              42.373022999999996
            ],
            [
              -71.12701,
              42.372839
            ],
            [
              -71.126688,
              42.372567
            ],
            [
              -71.126469,
              42.372378
            ],
            [
              -71.126024,
              42.371947999999996
            ],
            [
              -71.12553299999999,
              42.371190999999996
            ],
            [
              -71.12545899999999,
              42.371055
            ],
            [
              -71.125423,
              42.37099
            ],
            [
              -71.125405,
              42.370957999999995
            ],
            [
              -71.125391,
              42.370931999999996
            ],
            [
              -71.125356,
              42.370869
            ],
            [
              -71.12529099999999,
              42.370748999999996
            ],
            [
              -71.12524499999999,
              42.370669
            ],
            [
              -71.125208,
              42.370608
            ],
            [
              -71.125177,
              42.370556
            ],
            [
              -71.125113,
              42.37045
            ],
            [
              -71.125051,
              42.370346
            ],
            [
              -71.12499,
              42.370244
            ],
            [
              -71.12490199999999,
              42.370098999999996
            ],
            [
              -71.124724,
              42.369853
            ],
            [
              -71.12465399999999,
              42.369757
            ],
            [
              -71.124606,
              42.36969
            ],
            [
              -71.1246,
              42.369668
            ],
            [
              -71.12459299999999,
              42.369655
            ],
            [
              -71.124582,
              42.369636
            ],
            [
              -71.12454199999999,
              42.369614999999996
            ],
            [
              -71.124501,
              42.369566
            ],
            [
              -71.124454,
              42.369512
            ],
            [
              -71.124173,
              42.36933
            ],
            [
              -71.12382699999999,
              42.369157
            ],
            [
              -71.1234,
              42.369005
            ],
            [
              -71.12334299999999,
              42.368984999999995
            ],
            [
              -71.12332099999999,
              42.368978
            ],
            [
              -71.123204,
              42.368938
            ],
            [
              -71.123113,
              42.368905999999996
            ],
            [
              -71.12248,
              42.368762
            ],
            [
              -71.122044,
              42.368703
            ],
            [
              -71.121594,
              42.368711
            ],
            [
              -71.121462,
              42.368731
            ],
            [
              -71.12126099999999,
              42.368742999999995
            ],
            [
              -71.120758,
              42.368784999999995
            ],
            [
              -71.12008999999999,
              42.368821
            ],
            [
              -71.11955,
              42.368838
            ],
            [
              -71.11896,
              42.368759999999995
            ],
            [
              -71.118524,
              42.368643999999996
            ],
            [
              -71.118444,
              42.368615999999996
            ],
            [
              -71.11819,
              42.368528999999995
            ],
            [
              -71.11793399999999,
              42.368384999999996
            ],
            [
              -71.11769199999999,
              42.368145999999996
            ],
            [
              -71.11753999999999,
              42.367875
            ],
            [
              -71.11722999999999,
              42.367367
            ],
            [
              -71.117147,
              42.367180999999995
            ],
            [
              -71.117082,
              42.367033
            ],
            [
              -71.116968,
              42.366651
            ],
            [
              -71.116873,
              42.365885
            ],
            [
              -71.11689299999999,
              42.365305
            ],
            [
              -71.11692099999999,
              42.364246
            ],
            [
              -71.116936,
              42.363676999999996
            ],
            [
              -71.116841,
              42.362750999999996
            ],
            [
              -71.116704,
              42.361255
            ],
            [
              -71.11670099999999,
              42.361184
            ],
            [
              -71.116608,
              42.360085
            ],
            [
              -71.11657799999999,
              42.359567
            ],
            [
              -71.116597,
              42.359185
            ],
            [
              -71.116649,
              42.358838999999996
            ],
            [
              -71.116681,
              42.358736
            ],
            [
              -71.116734,
              42.358531
            ],
            [
              -71.116978,
              42.35782
            ],
            [
              -71.117072,
              42.357544999999995
            ],
            [
              -71.117165,
              42.356997
            ],
            [
              -71.117113,
              42.356373
            ],
            [
              -71.117077,
              42.355979999999995
            ],
            [
              -71.117066,
              42.355866
            ],
            [
              -71.116902,
              42.355497
            ],
            [
              -71.116852,
              42.355385
            ],
            [
              -71.116543,
              42.355049
            ],
            [
              -71.11653,
              42.355028
            ],
            [
              -71.11591,
              42.354531
            ],
            [
              -71.11516999999999,
              42.354032
            ],
            [
              -71.114459,
              42.353654
            ],
            [
              -71.113714,
              42.353311
            ],
            [
              -71.113196,
              42.35311
            ],
            [
              -71.11292499999999,
              42.353029
            ],
            [
              -71.11283399999999,
              42.353002
            ],
            [
              -71.112695,
              42.352968
            ],
            [
              -71.11246,
              42.352903
            ],
            [
              -71.112149,
              42.352849
            ],
            [
              -71.111863,
              42.3528
            ],
            [
              -71.11160000000001,
              42.352754
            ],
            [
              -71.111513,
              42.352739
            ],
            [
              -71.111384,
              42.352722
            ],
            [
              -71.11130299999999,
              42.352711
            ],
            [
              -71.11121,
              42.352699
            ],
            [
              -71.11058899999999,
              42.352616
            ],
            [
              -71.11035799999999,
              42.352585999999995
            ],
            [
              -71.110083,
              42.352548999999996
            ],
            [
              -71.109218,
              42.352546
            ],
            [
              -71.107471,
              42.352503
            ],
            [
              -71.10663699999999,
              42.352486999999996
            ],
            [
              -71.106009,
              42.352474
            ],
            [
              -71.104316,
              42.352402999999995
            ],
            [
              -71.10340699999999,
              42.352449
            ],
            [
              -71.103032,
              42.352514
            ],
            [
              -71.10239899999999,
              42.352623
            ],
            [
              -71.101815,
              42.352688
            ],
            [
              -71.09788999999999,
              42.35312
            ],
            [
              -71.097627,
              42.353148999999995
            ],
            [
              -71.097244,
              42.353190999999995
            ],
            [
              -71.095987,
              42.353398999999996
            ],
            [
              -71.094985,
              42.353564
            ],
            [
              -71.094025,
              42.353722999999995
            ],
            [
              -71.093294,
              42.353843
            ],
            [
              -71.093237,
              42.353851999999996
            ],
            [
              -71.093002,
              42.353894
            ],
            [
              -71.091235,
              42.354338
            ],
            [
              -71.091002,
              42.354397
            ],
            [
              -71.08751099999999,
              42.355557
            ],
            [
              -71.08517499999999,
              42.356333
            ],
            [
              -71.083398,
              42.356925
            ],
            [
              -71.07936099999999,
              42.358267
            ],
            [
              -71.077952,
              42.358734999999996
            ],
            [
              -71.077334,
              42.359083999999996
            ],
            [
              -71.07681,
              42.359504
            ],
            [
              -71.07665999999999,
              42.359668
            ],
            [
              -71.076427,
              42.359924
            ],
            [
              -71.076403,
              42.359956
            ],
            [
              -71.076092,
              42.36038
            ],
            [
              -71.07571,
              42.361463
            ],
            [
              -71.07565699999999,
              42.361613
            ],
            [
              -71.07554499999999,
              42.36193
            ],
            [
              -71.07509499999999,
              42.363203
            ],
            [
              -71.074941,
              42.363507999999996
            ],
            [
              -71.074792,
              42.363772999999995
            ],
            [
              -71.07388399999999,
              42.36486
            ],
            [
              -71.07372099999999,
              42.365055999999996
            ],
            [
              -71.07196499999999,
              42.366707999999996
            ],
            [
              -71.07153699999999,
              42.36711
            ],
            [
              -71.07144699999999,
              42.367194999999995
            ],
            [
              -71.071418,
              42.367222999999996
            ],
            [
              -71.071387,
              42.367250999999996
            ],
            [
              -71.071338,
              42.367298
            ],
            [
              -71.070826,
              42.367779
            ],
            [
              -71.070644,
              42.367948999999996
            ],
            [
              -71.07057499999999,
              42.368015
            ],
            [
              -71.07056,
              42.368027999999995
            ],
            [
              -71.07054699999999,
              42.368041999999996
            ],
            [
              -71.070498,
              42.368091
            ],
            [
              -71.070436,
              42.368148
            ],
            [
              -71.070025,
              42.368531
            ],
            [
              -71.06983699999999,
              42.368708999999996
            ],
            [
              -71.069513,
              42.369015999999995
            ],
            [
              -71.069478,
              42.369046
            ],
            [
              -71.068326,
              42.369022
            ],
            [
              -71.06806499999999,
              42.369017
            ],
            [
              -71.067892,
              42.369012999999995
            ],
            [
              -71.067734,
              42.369009999999996
            ],
            [
              -71.06694,
              42.368994
            ],
            [
              -71.06638099999999,
              42.368981999999995
            ],
            [
              -71.066176,
              42.368978
            ],
            [
              -71.065994,
              42.368974
            ],
            [
              -71.065842,
              42.368970999999995
            ],
            [
              -71.065736,
              42.368969
            ],
            [
              -71.065643,
              42.368967
            ],
            [
              -71.065592,
              42.368966
            ],
            [
              -71.065426,
              42.368961999999996
            ],
            [
              -71.065277,
              42.36896
            ],
            [
              -71.06521,
              42.368958
            ],
            [
              -71.065108,
              42.368955
            ],
            [
              -71.06508699999999,
              42.368955
            ],
            [
              -71.065063,
              42.368953999999995
            ],
            [
              -71.065033,
              42.368953999999995
            ],
            [
              -71.06499099999999,
              42.368953
            ],
            [
              -71.064708,
              42.368947
            ],
            [
              -71.064481,
              42.368941
            ],
            [
              -71.064283,
              42.368939999999995
            ],
            [
              -71.06398399999999,
              42.368932
            ],
            [
              -71.064059,
              42.369001
            ],
            [
              -71.064129,
              42.369065
            ],
            [
              -71.06421399999999,
              42.369144
            ],
            [
              -71.064354,
              42.369271999999995
            ],
            [
              -71.064531,
              42.369436
            ],
            [
              -71.06464199999999,
              42.369537
            ],
            [
              -71.064712,
              42.369602
            ],
            [
              -71.064776,
              42.369661
            ],
            [
              -71.064925,
              42.369799
            ],
            [
              -71.064972,
              42.369842999999996
            ],
            [
              -71.065085,
              42.369946
            ],
            [
              -71.065212,
              42.370064
            ],
            [
              -71.06533999999999,
              42.370180999999995
            ],
            [
              -71.06541,
              42.370245
            ],
            [
              -71.06561599999999,
              42.370435
            ],
            [
              -71.065707,
              42.370518
            ],
            [
              -71.065991,
              42.370781
            ],
            [
              -71.066239,
              42.371009
            ],
            [
              -71.066369,
              42.371128
            ],
            [
              -71.066435,
              42.371189
            ],
            [
              -71.066509,
              42.371258
            ],
            [
              -71.06658,
              42.371323
            ],
            [
              -71.066699,
              42.371432
            ],
            [
              -71.066979,
              42.371693
            ],
            [
              -71.067115,
              42.371815999999995
            ],
            [
              -71.067159,
              42.371823
            ],
            [
              -71.067387,
              42.371859
            ],
            [
              -71.06745099999999,
              42.371869
            ],
            [
              -71.06761399999999,
              42.371894
            ],
            [
              -71.067667,
              42.371902999999996
            ],
            [
              -71.06777199999999,
              42.371919
            ],
            [
              -71.067906,
              42.371939
            ],
            [
              -71.068001,
              42.371955
            ],
            [
              -71.06815,
              42.371978
            ],
            [
              -71.06821699999999,
              42.371989
            ],
            [
              -71.068302,
              42.372003
            ],
            [
              -71.068444,
              42.372025
            ],
            [
              -71.0687,
              42.372065
            ],
            [
              -71.068953,
              42.372105
            ],
            [
              -71.06900399999999,
              42.372113999999996
            ],
            [
              -71.069057,
              42.372122
            ],
            [
              -71.06911199999999,
              42.37213
            ],
            [
              -71.069318,
              42.372163
            ],
            [
              -71.069445,
              42.372181999999995
            ],
            [
              -71.069656,
              42.372215999999995
            ],
            [
              -71.069687,
              42.372220999999996
            ],
            [
              -71.069743,
              42.372229999999995
            ],
            [
              -71.069906,
              42.372254999999996
            ],
            [
              -71.070064,
              42.372279999999996
            ],
            [
              -71.070117,
              42.372288999999995
            ],
            [
              -71.07021499999999,
              42.372304
            ],
            [
              -71.070329,
              42.372322
            ],
            [
              -71.070422,
              42.372336999999995
            ],
            [
              -71.07045,
              42.372341
            ],
            [
              -71.070503,
              42.372349
            ],
            [
              -71.070545,
              42.372355999999996
            ],
            [
              -71.07077199999999,
              42.372392
            ],
            [
              -71.071005,
              42.372428
            ],
            [
              -71.071389,
              42.372489
            ],
            [
              -71.071809,
              42.372555
            ],
            [
              -71.07246599999999,
              42.372658
            ],
            [
              -71.07251099999999,
              42.372772
            ],
            [
              -71.07260000000001,
              42.372997999999995
            ],
            [
              -71.072689,
              42.373222
            ],
            [
              -71.072728,
              42.373321999999995
            ],
            [
              -71.07274199999999,
              42.373362
            ],
            [
              -71.072751,
              42.373387
            ],
            [
              -71.07276999999999,
              42.373441
            ],
            [
              -71.072873,
              42.373694
            ],
            [
              -71.072932,
              42.373839
            ],
            [
              -71.07309099999999,
              42.374192
            ],
            [
              -71.073255,
              42.374583
            ],
            [
              -71.07342,
              42.374983
            ],
            [
              -71.073561,
              42.375313999999996
            ],
            [
              -71.073633,
              42.375482999999996
            ],
            [
              -71.073672,
              42.375575
            ],
            [
              -71.073696,
              42.37563
            ],
            [
              -71.073707,
              42.375654999999995
            ],
            [
              -71.073728,
              42.375698
            ],
            [
              -71.073751,
              42.375747
            ],
            [
              -71.073779,
              42.375811
            ],
            [
              -71.073824,
              42.375915
            ],
            [
              -71.073886,
              42.376069
            ],
            [
              -71.073928,
              42.376157
            ],
            [
              -71.074305,
              42.377037
            ],
            [
              -71.07439699999999,
              42.377252
            ],
            [
              -71.074428,
              42.377325
            ],
            [
              -71.074499,
              42.377491
            ],
            [
              -71.074626,
              42.377787
            ],
            [
              -71.07471,
              42.377984
            ],
            [
              -71.074867,
              42.378352
            ],
            [
              -71.075019,
              42.378707
            ],
            [
              -71.075133,
              42.378972999999995
            ],
            [
              -71.07522999999999,
              42.379197999999995
            ],
            [
              -71.075315,
              42.379397999999995
            ],
            [
              -71.075571,
              42.379996
            ],
            [
              -71.07565699999999,
              42.380196
            ],
            [
              -71.07584899999999,
              42.380227999999995
            ],
            [
              -71.075979,
              42.380249
            ],
            [
              -71.076195,
              42.380286
            ],
            [
              -71.07646,
              42.38033
            ],
            [
              -71.076499,
              42.380337
            ],
            [
              -71.07656899999999,
              42.380348
            ],
            [
              -71.07668799999999,
              42.380368
            ],
            [
              -71.076728,
              42.380375
            ],
            [
              -71.076805,
              42.380387999999996
            ],
            [
              -71.076867,
              42.380398
            ],
            [
              -71.07694099999999,
              42.38041
            ],
            [
              -71.07701999999999,
              42.380424
            ],
            [
              -71.077083,
              42.380434
            ],
            [
              -71.07717,
              42.380449
            ],
            [
              -71.07721699999999,
              42.380457
            ],
            [
              -71.077241,
              42.380461
            ],
            [
              -71.07732,
              42.380474
            ],
            [
              -71.077395,
              42.380486
            ],
            [
              -71.077443,
              42.380494
            ],
            [
              -71.077457,
              42.380497
            ],
            [
              -71.077579,
              42.380517
            ],
            [
              -71.07761099999999,
              42.380523
            ],
            [
              -71.077637,
              42.380527
            ],
            [
              -71.077767,
              42.380548
            ],
            [
              -71.078019,
              42.380590999999995
            ],
            [
              -71.078056,
              42.380597
            ],
            [
              -71.078214,
              42.380624
            ],
            [
              -71.078507,
              42.380672
            ],
            [
              -71.078668,
              42.380700000000004
            ],
            [
              -71.07884299999999,
              42.380728999999995
            ],
            [
              -71.079364,
              42.380815999999996
            ],
            [
              -71.07977699999999,
              42.380885
            ],
            [
              -71.08015499999999,
              42.380948
            ],
            [
              -71.0806,
              42.381023
            ],
            [
              -71.08070099999999,
              42.381039
            ],
            [
              -71.08093199999999,
              42.382132999999996
            ],
            [
              -71.080953,
              42.382235
            ],
            [
              -71.08097099999999,
              42.382323
            ],
            [
              -71.080947,
              42.382377999999996
            ],
            [
              -71.080807,
              42.382445
            ],
            [
              -71.080714,
              42.382486
            ],
            [
              -71.08044799999999,
              42.382602999999996
            ],
            [
              -71.080083,
              42.382773
            ],
            [
              -71.080012,
              42.382811
            ],
            [
              -71.079785,
              42.382932
            ],
            [
              -71.079728,
              42.383013999999996
            ],
            [
              -71.079557,
              42.383264
            ],
            [
              -71.07950000000001,
              42.383348
            ],
            [
              -71.07933899999999,
              42.383537
            ],
            [
              -71.07893899999999,
              42.384008
            ],
            [
              -71.078727,
              42.384305999999995
            ],
            [
              -71.078465,
              42.384674
            ],
            [
              -71.07803899999999,
              42.385273999999995
            ],
            [
              -71.07775699999999,
              42.38567
            ],
            [
              -71.077653,
              42.385818
            ],
            [
              -71.077638,
              42.385838
            ],
            [
              -71.077557,
              42.385948
            ],
            [
              -71.077542,
              42.385971999999995
            ],
            [
              -71.077405,
              42.386167
            ],
            [
              -71.07715,
              42.386525
            ],
            [
              -71.077007,
              42.386724
            ],
            [
              -71.076802,
              42.387012999999996
            ],
            [
              -71.07663,
              42.387254
            ],
            [
              -71.076604,
              42.387291
            ],
            [
              -71.076539,
              42.387381999999995
            ],
            [
              -71.07643999999999,
              42.387521
            ],
            [
              -71.076354,
              42.387642
            ],
            [
              -71.076261,
              42.387772999999996
            ],
            [
              -71.076135,
              42.387949
            ],
            [
              -71.076013,
              42.388121
            ],
            [
              -71.07594499999999,
              42.388217
            ],
            [
              -71.07566899999999,
              42.388602999999996
            ],
            [
              -71.07559599999999,
              42.388707
            ],
            [
              -71.07462199999999,
              42.390091
            ],
            [
              -71.07427299999999,
              42.390587
            ],
            [
              -71.07423299999999,
              42.390643
            ],
            [
              -71.074196,
              42.390696
            ],
            [
              -71.074119,
              42.390817
            ],
            [
              -71.07408199999999,
              42.390876
            ],
            [
              -71.073965,
              42.391059999999996
            ],
            [
              -71.07378899999999,
              42.391335999999995
            ],
            [
              -71.073613,
              42.391611999999995
            ],
            [
              -71.07349599999999,
              42.391796
            ],
            [
              -71.073146,
              42.391358
            ],
            [
              -71.072696,
              42.390795999999995
            ],
            [
              -71.072007,
              42.391462999999995
            ],
            [
              -71.071606,
              42.391852
            ],
            [
              -71.07130699999999,
              42.392140999999995
            ],
            [
              -71.07086,
              42.392575
            ],
            [
              -71.07041199999999,
              42.393009
            ],
            [
              -71.070114,
              42.393298
            ],
            [
              -71.069322,
              42.394022
            ],
            [
              -71.069255,
              42.393978
            ],
            [
              -71.06918399999999,
              42.393949
            ],
            [
              -71.069127,
              42.39392
            ],
            [
              -71.069037,
              42.393885
            ],
            [
              -71.068955,
              42.393947999999995
            ],
            [
              -71.068857,
              42.394037
            ],
            [
              -71.068013,
              42.394752
            ],
            [
              -71.067591,
              42.395109999999995
            ],
            [
              -71.06736699999999,
              42.395295999999995
            ],
            [
              -71.066858,
              42.394979
            ],
            [
              -71.06694399999999,
              42.394754999999996
            ],
            [
              -71.06702899999999,
              42.394532
            ],
            [
              -71.066971,
              42.394245999999995
            ],
            [
              -71.06694999999999,
              42.394073
            ],
            [
              -71.066997,
              42.394006
            ],
            [
              -71.06741,
              42.393476
            ],
            [
              -71.06815999999999,
              42.392731999999995
            ],
            [
              -71.069121,
              42.39178
            ],
            [
              -71.069062,
              42.391760999999995
            ],
            [
              -71.07012999999999,
              42.39029
            ],
            [
              -71.070295,
              42.390041
            ],
            [
              -71.070482,
              42.389851
            ],
            [
              -71.07049099999999,
              42.389835999999995
            ],
            [
              -71.070516,
              42.389784
            ],
            [
              -71.070584,
              42.389692
            ],
            [
              -71.07066999999999,
              42.389635999999996
            ],
            [
              -71.070683,
              42.389616
            ],
            [
              -71.070696,
              42.389596
            ],
            [
              -71.07073,
              42.389495
            ],
            [
              -71.07089599999999,
              42.388996
            ],
            [
              -71.068889,
              42.38807
            ],
            [
              -71.067016,
              42.387205
            ],
            [
              -71.06569499999999,
              42.386596
            ],
            [
              -71.06344899999999,
              42.386784999999996
            ],
            [
              -71.060705,
              42.387018
            ],
            [
              -71.057873,
              42.387257
            ],
            [
              -71.057777,
              42.387265
            ],
            [
              -71.05749,
              42.387288999999996
            ],
            [
              -71.057395,
              42.387297
            ],
            [
              -71.05702,
              42.387260999999995
            ],
            [
              -71.055897,
              42.387155
            ],
            [
              -71.05552399999999,
              42.387119
            ],
            [
              -71.055477,
              42.387114
            ],
            [
              -71.055341,
              42.387101
            ],
            [
              -71.055295,
              42.387097
            ],
            [
              -71.048186,
              42.385686
            ],
            [
              -71.047325,
              42.385301999999996
            ],
            [
              -71.04728399999999,
              42.385284
            ],
            [
              -71.047083,
              42.385096
            ],
            [
              -71.044298,
              42.383209
            ],
            [
              -71.043264,
              42.383593999999995
            ],
            [
              -71.039512,
              42.386852999999995
            ],
            [
              -71.039467,
              42.386855999999995
            ],
            [
              -71.039427,
              42.386859
            ],
            [
              -71.039384,
              42.386852999999995
            ],
            [
              -71.039354,
              42.386846
            ],
            [
              -71.039316,
              42.386846999999996
            ],
            [
              -71.039262,
              42.386831
            ],
            [
              -71.03913299999999,
              42.386804999999995
            ],
            [
              -71.039082,
              42.386801
            ],
            [
              -71.038973,
              42.386807999999995
            ],
            [
              -71.038921,
              42.386812
            ],
            [
              -71.03887399999999,
              42.386811
            ],
            [
              -71.03881299999999,
              42.386811
            ],
            [
              -71.03835699999999,
              42.386528999999996
            ],
            [
              -71.03607099999999,
              42.386086999999996
            ],
            [
              -71.034975,
              42.385875999999996
            ],
            [
              -71.033234,
              42.38491
            ],
            [
              -71.031995,
              42.384597
            ],
            [
              -71.027712,
              42.384040999999996
            ],
            [
              -71.024209,
              42.385585999999996
            ],
            [
              -71.022672,
              42.386264999999995
            ],
            [
              -71.02242799999999,
              42.386373
            ],
            [
              -71.020512,
              42.387640999999995
            ],
            [
              -71.019328,
              42.388926
            ],
            [
              -71.019278,
              42.388982
            ],
            [
              -71.018791,
              42.389544
            ],
            [
              -71.017794,
              42.390696999999996
            ],
            [
              -71.017236,
              42.392461
            ],
            [
              -71.01723199999999,
              42.392472
            ],
            [
              -71.016594,
              42.394497
            ],
            [
              -71.016094,
              42.395897
            ],
            [
              -71.013395,
              42.397397999999995
            ],
            [
              -71.0124,
              42.397019
            ],
            [
              -71.011377,
              42.396629
            ],
            [
              -71.01127199999999,
              42.396589
            ],
            [
              -71.01192999999999,
              42.395751999999995
            ],
            [
              -71.011682,
              42.395717999999995
            ],
            [
              -71.010001,
              42.395489999999995
            ],
            [
              -71.009894,
              42.395475
            ],
            [
              -71.00983,
              42.395455999999996
            ],
            [
              -71.008945,
              42.395192
            ],
            [
              -71.005861,
              42.393892
            ],
            [
              -71.0056,
              42.393961
            ],
            [
              -71.00538499999999,
              42.394087999999996
            ],
            [
              -71.001407,
              42.39674
            ],
            [
              -71.000683,
              42.396817
            ],
            [
              -71.00042499999999,
              42.396843
            ],
            [
              -70.999495,
              42.39694
            ],
            [
              -70.999146,
              42.396978
            ],
            [
              -70.998768,
              42.396974
            ],
            [
              -70.998306,
              42.396929
            ],
            [
              -70.998158,
              42.396887
            ],
            [
              -70.996895,
              42.396454999999996
            ],
            [
              -70.99676699999999,
              42.396412999999995
            ],
            [
              -70.996651,
              42.396395999999996
            ],
            [
              -70.996557,
              42.396346
            ],
            [
              -70.996475,
              42.396308
            ],
            [
              -70.996465,
              42.396284
            ],
            [
              -70.99593999999999,
              42.395114
            ],
            [
              -70.995565,
              42.394273
            ],
            [
              -70.995527,
              42.394148
            ],
            [
              -70.9954,
              42.393876
            ],
            [
              -70.995361,
              42.393813
            ],
            [
              -70.995308,
              42.393758
            ],
            [
              -70.99529799999999,
              42.393747
            ],
            [
              -70.99523599999999,
              42.393677
            ],
            [
              -70.995218,
              42.393665999999996
            ],
            [
              -70.995077,
              42.393584
            ],
            [
              -70.995047,
              42.393566
            ],
            [
              -70.99502199999999,
              42.393547
            ],
            [
              -70.994942,
              42.393504
            ],
            [
              -70.994806,
              42.393446
            ],
            [
              -70.99477399999999,
              42.393422
            ],
            [
              -70.99458,
              42.393329
            ],
            [
              -70.99445399999999,
              42.393316
            ],
            [
              -70.994434,
              42.393314
            ],
            [
              -70.99436399999999,
              42.393307
            ],
            [
              -70.994286,
              42.393299
            ],
            [
              -70.994295,
              42.393265
            ],
            [
              -70.99430199999999,
              42.393235
            ],
            [
              -70.99430699999999,
              42.393214
            ],
            [
              -70.994309,
              42.393195
            ],
            [
              -70.994298,
              42.393181
            ],
            [
              -70.994287,
              42.393159999999995
            ],
            [
              -70.994284,
              42.39315
            ],
            [
              -70.99422799999999,
              42.393113
            ],
            [
              -70.994174,
              42.393088
            ],
            [
              -70.994085,
              42.393086
            ],
            [
              -70.99403,
              42.393111
            ],
            [
              -70.99397499999999,
              42.39311
            ],
            [
              -70.993903,
              42.393073
            ],
            [
              -70.993892,
              42.393046999999996
            ],
            [
              -70.993888,
              42.393023
            ],
            [
              -70.99385099999999,
              42.392952
            ],
            [
              -70.99381799999999,
              42.392924
            ],
            [
              -70.992975,
              42.392956999999996
            ],
            [
              -70.992926,
              42.392953999999996
            ],
            [
              -70.99289,
              42.392945
            ],
            [
              -70.992691,
              42.392942999999995
            ],
            [
              -70.992648,
              42.392936999999996
            ],
            [
              -70.99250599999999,
              42.392944
            ],
            [
              -70.992485,
              42.392948
            ],
            [
              -70.992454,
              42.392951
            ],
            [
              -70.992401,
              42.392952
            ],
            [
              -70.992277,
              42.392975
            ],
            [
              -70.99224699999999,
              42.392984999999996
            ],
            [
              -70.99142599999999,
              42.393018
            ],
            [
              -70.99033299999999,
              42.393096
            ],
            [
              -70.990089,
              42.393169
            ],
            [
              -70.990017,
              42.393232
            ],
            [
              -70.98977099999999,
              42.39324
            ],
            [
              -70.98957,
              42.393203
            ],
            [
              -70.989414,
              42.393181
            ],
            [
              -70.98916899999999,
              42.393148
            ],
            [
              -70.988818,
              42.393052
            ],
            [
              -70.988582,
              42.393031
            ],
            [
              -70.988511,
              42.393012
            ],
            [
              -70.98845899999999,
              42.393009
            ],
            [
              -70.988328,
              42.392961
            ],
            [
              -70.98826799999999,
              42.392900999999995
            ],
            [
              -70.9882,
              42.392893
            ],
            [
              -70.988075,
              42.392857
            ],
            [
              -70.987974,
              42.392817
            ],
            [
              -70.987442,
              42.392742
            ],
            [
              -70.987314,
              42.392354
            ],
            [
              -70.98724299999999,
              42.392282
            ],
            [
              -70.987185,
              42.392192
            ],
            [
              -70.987133,
              42.392123
            ],
            [
              -70.987115,
              42.39206
            ],
            [
              -70.987113,
              42.391985
            ],
            [
              -70.987122,
              42.39192
            ],
            [
              -70.987138,
              42.391884999999995
            ],
            [
              -70.98722,
              42.391563
            ],
            [
              -70.98720999999999,
              42.391535999999995
            ],
            [
              -70.98719899999999,
              42.391462999999995
            ],
            [
              -70.987323,
              42.391186
            ],
            [
              -70.98732799999999,
              42.391169999999995
            ],
            [
              -70.98734,
              42.391124999999995
            ],
            [
              -70.987364,
              42.391082
            ],
            [
              -70.987411,
              42.391039
            ],
            [
              -70.987454,
              42.391033
            ],
            [
              -70.987571,
              42.390581999999995
            ],
            [
              -70.987583,
              42.390308
            ],
            [
              -70.98761,
              42.389907
            ],
            [
              -70.987616,
              42.389792
            ],
            [
              -70.987617,
              42.389731
            ],
            [
              -70.987589,
              42.389523
            ],
            [
              -70.987511,
              42.389229
            ],
            [
              -70.98742299999999,
              42.388999
            ],
            [
              -70.98728899999999,
              42.388734
            ],
            [
              -70.986993,
              42.388521
            ],
            [
              -70.986053,
              42.388116
            ],
            [
              -70.986497,
              42.387541
            ],
            [
              -70.986428,
              42.387468
            ],
            [
              -70.98644,
              42.387437999999996
            ],
            [
              -70.986457,
              42.387423
            ],
            [
              -70.986475,
              42.387405
            ],
            [
              -70.986543,
              42.387291999999995
            ],
            [
              -70.986589,
              42.3872
            ],
            [
              -70.986621,
              42.387138
            ],
            [
              -70.986667,
              42.387071999999996
            ],
            [
              -70.98669799999999,
              42.387035
            ],
            [
              -70.98673099999999,
              42.387007
            ],
            [
              -70.986798,
              42.386956
            ],
            [
              -70.986823,
              42.386947
            ],
            [
              -70.986901,
              42.386914999999995
            ],
            [
              -70.986949,
              42.386913
            ],
            [
              -70.987038,
              42.386911
            ],
            [
              -70.987109,
              42.386919999999996
            ],
            [
              -70.98722,
              42.38693
            ],
            [
              -70.987309,
              42.386936999999996
            ],
            [
              -70.98735599999999,
              42.386945
            ],
            [
              -70.987388,
              42.386952
            ],
            [
              -70.987442,
              42.386959999999995
            ],
            [
              -70.987512,
              42.386973999999995
            ],
            [
              -70.987569,
              42.386992
            ],
            [
              -70.987642,
              42.387011
            ],
            [
              -70.98767699999999,
              42.387014
            ],
            [
              -70.98771599999999,
              42.387007
            ],
            [
              -70.987752,
              42.386967999999996
            ],
            [
              -70.98778,
              42.386942999999995
            ],
            [
              -70.987836,
              42.386948
            ],
            [
              -70.987914,
              42.386963
            ],
            [
              -70.987949,
              42.386966
            ],
            [
              -70.98798,
              42.386973999999995
            ],
            [
              -70.98800899999999,
              42.386989
            ],
            [
              -70.98804,
              42.387035
            ],
            [
              -70.988056,
              42.387068
            ],
            [
              -70.988092,
              42.387091
            ],
            [
              -70.988281,
              42.387107
            ],
            [
              -70.991398,
              42.385866
            ],
            [
              -70.991451,
              42.385844
            ],
            [
              -70.991598,
              42.38578
            ],
            [
              -70.99303499999999,
              42.385162
            ],
            [
              -70.99337299999999,
              42.385017999999995
            ],
            [
              -70.994239,
              42.384647
            ],
            [
              -70.994413,
              42.383731999999995
            ],
            [
              -70.994601,
              42.382988
            ],
            [
              -70.99463399999999,
              42.382711
            ],
            [
              -70.99463899999999,
              42.382664
            ],
            [
              -70.994674,
              42.382366
            ],
            [
              -70.994664,
              42.381899
            ],
            [
              -70.994648,
              42.38115
            ],
            [
              -70.996169,
              42.379473
            ],
            [
              -70.99669399999999,
              42.378741
            ],
            [
              -70.99799399999999,
              42.378197
            ],
            [
              -70.99898,
              42.377894999999995
            ],
            [
              -70.99931099999999,
              42.377793
            ],
            [
              -70.999316,
              42.377775
            ],
            [
              -70.999319,
              42.377765
            ],
            [
              -70.999326,
              42.377738
            ],
            [
              -70.999385,
              42.377748
            ],
            [
              -70.999517,
              42.377731999999995
            ],
            [
              -70.999723,
              42.377738
            ],
            [
              -71.000006,
              42.377758
            ],
            [
              -71.000085,
              42.377769
            ],
            [
              -71.000173,
              42.377744
            ],
            [
              -71.00020599999999,
              42.377753999999996
            ],
            [
              -71.000609,
              42.377643
            ],
            [
              -71.00551399999999,
              42.376228
            ],
            [
              -71.006123,
              42.376052
            ],
            [
              -71.00665,
              42.374741
            ],
            [
              -71.00711799999999,
              42.373531
            ],
            [
              -71.007549,
              42.372402
            ],
            [
              -71.008236,
              42.370602999999996
            ],
            [
              -71.00928499999999,
              42.367854
            ],
            [
              -71.01024199999999,
              42.365347
            ],
            [
              -71.010305,
              42.365182999999995
            ],
            [
              -71.010363,
              42.365030999999995
            ],
            [
              -71.00522099999999,
              42.364822
            ],
            [
              -71.005138,
              42.364819
            ],
            [
              -71.003737,
              42.364762
            ],
            [
              -71.00347599999999,
              42.364754999999995
            ],
            [
              -71.00169199999999,
              42.36468
            ],
            [
              -71.000986,
              42.364650999999995
            ],
            [
              -71.000695,
              42.36464
            ],
            [
              -71.000736,
              42.364818
            ],
            [
              -70.99904599999999,
              42.364765
            ],
            [
              -70.998942,
              42.364762
            ],
            [
              -70.993909,
              42.364684
            ],
            [
              -70.98993999999999,
              42.364622999999995
            ],
            [
              -70.988468,
              42.3646
            ],
            [
              -70.986597,
              42.364571999999995
            ],
            [
              -70.98629,
              42.362196
            ],
            [
              -70.986279,
              42.36211
            ],
            [
              -70.985854,
              42.358819
            ],
            [
              -70.98573499999999,
              42.357898999999996
            ],
            [
              -70.98571799999999,
              42.357746999999996
            ],
            [
              -70.985593,
              42.356797
            ],
            [
              -70.98527299999999,
              42.356711
            ],
            [
              -70.985182,
              42.356687
            ],
            [
              -70.982593,
              42.355996999999995
            ],
            [
              -70.972893,
              42.353597
            ],
            [
              -70.97233899999999,
              42.353922
            ],
            [
              -70.972259,
              42.353969
            ],
            [
              -70.969146,
              42.355801
            ],
            [
              -70.968935,
              42.355925
            ],
            [
              -70.96882,
              42.355866
            ],
            [
              -70.96875399999999,
              42.355916
            ],
            [
              -70.968683,
              42.355971
            ],
            [
              -70.968435,
              42.35615
            ],
            [
              -70.968293,
              42.356268
            ],
            [
              -70.967495,
              42.356884
            ],
            [
              -70.967257,
              42.357068999999996
            ],
            [
              -70.967147,
              42.356984999999995
            ],
            [
              -70.967112,
              42.357006999999996
            ],
            [
              -70.96704799999999,
              42.356953999999995
            ],
            [
              -70.962977,
              42.359359999999995
            ],
            [
              -70.96217399999999,
              42.359834
            ],
            [
              -70.961625,
              42.360158999999996
            ],
            [
              -70.955038,
              42.364050999999996
            ],
            [
              -70.917892,
              42.385996999999996
            ],
            [
              -70.901292,
              42.384098
            ],
            [
              -70.874326,
              42.389025
            ],
            [
              -70.85143599999999,
              42.393209
            ],
            [
              -70.749487,
              42.400819999999996
            ],
            [
              -70.748802,
              42.400211999999996
            ],
            [
              -70.748847,
              42.373751999999996
            ],
            [
              -70.749488,
              42.37334
            ],
            [
              -70.750564,
              42.37334
            ],
            [
              -70.75145599999999,
              42.37334
            ],
            [
              -70.851191,
              42.372499
            ],
            [
              -70.869492,
              42.372461
            ],
            [
              -70.894292,
              42.372399
            ],
            [
              -70.89480499999999,
              42.369904
            ],
            [
              -70.896255,
              42.362854999999996
            ],
            [
              -70.900548,
              42.341995999999995
            ],
            [
              -70.90324799999999,
              42.328877
            ],
            [
              -70.90329,
              42.328669999999995
            ],
            [
              -70.903333,
              42.328463
            ],
            [
              -70.904513,
              42.322731
            ],
            [
              -70.905692,
              42.316998999999996
            ],
            [
              -70.917091,
              42.314198
            ],
            [
              -70.920721,
              42.312723999999996
            ],
            [
              -70.923192,
              42.311721
            ],
            [
              -70.927191,
              42.310097999999996
            ],
            [
              -70.927891,
              42.310168999999995
            ],
            [
              -70.937091,
              42.311098
            ],
            [
              -70.945138,
              42.304471
            ],
            [
              -70.94899099999999,
              42.301297999999996
            ],
            [
              -70.96019199999999,
              42.299498
            ],
            [
              -70.961429,
              42.299544999999995
            ],
            [
              -70.965139,
              42.299686
            ],
            [
              -70.966375,
              42.299732999999996
            ],
            [
              -70.96822399999999,
              42.299803
            ],
            [
              -70.97377,
              42.300014
            ],
            [
              -70.975618,
              42.300084
            ],
            [
              -70.97569299999999,
              42.300087
            ],
            [
              -70.975918,
              42.300095
            ],
            [
              -70.97599199999999,
              42.300098
            ],
            [
              -70.976263,
              42.300484999999995
            ],
            [
              -70.977074,
              42.301646
            ],
            [
              -70.977344,
              42.302032
            ],
            [
              -70.97825499999999,
              42.303336
            ],
            [
              -70.978719,
              42.304001
            ],
            [
              -70.980989,
              42.307249
            ],
            [
              -70.981368,
              42.307792
            ],
            [
              -70.981781,
              42.308381999999995
            ],
            [
              -70.981796,
              42.308394
            ],
            [
              -70.981944,
              42.308512
            ],
            [
              -70.986912,
              42.312256
            ],
            [
              -70.988693,
              42.313598
            ],
            [
              -70.998593,
              42.311997999999996
            ],
            [
              -71.002093,
              42.308698
            ],
            [
              -71.003541,
              42.30804
            ],
            [
              -71.009175,
              42.305479
            ],
            [
              -71.009187,
              42.305489
            ],
            [
              -71.00925,
              42.305503
            ],
            [
              -71.009468,
              42.305405
            ],
            [
              -71.009877,
              42.305222
            ],
            [
              -71.009909,
              42.305208
            ],
            [
              -71.009947,
              42.305194
            ],
            [
              -71.009991,
              42.30518
            ],
            [
              -71.010032,
              42.30518
            ],
            [
              -71.010093,
              42.305191
            ],
            [
              -71.010256,
              42.305225
            ],
            [
              -71.010221,
              42.305288999999995
            ],
            [
              -71.010199,
              42.305307
            ],
            [
              -71.011748,
              42.305721999999996
            ],
            [
              -71.015393,
              42.306698
            ],
            [
              -71.016936,
              42.306464
            ],
            [
              -71.018693,
              42.306197999999995
            ],
            [
              -71.020766,
              42.305831999999995
            ],
            [
              -71.022093,
              42.305597999999996
            ],
            [
              -71.026519,
              42.307846
            ],
            [
              -71.028395,
              42.308799
            ],
            [
              -71.028414,
              42.308794
            ],
            [
              -71.028469,
              42.30878
            ],
            [
              -71.028486,
              42.308775999999995
            ],
            [
              -71.030208,
              42.30834
            ],
            [
              -71.03537299999999,
              42.307033
            ],
            [
              -71.037094,
              42.306598
            ],
            [
              -71.03863199999999,
              42.306163
            ],
            [
              -71.04169399999999,
              42.305298
            ],
            [
              -71.041594,
              42.303692
            ],
            [
              -71.041494,
              42.302098
            ],
            [
              -71.041472,
              42.301883
            ],
            [
              -71.04140799999999,
              42.301238999999995
            ],
            [
              -71.041387,
              42.301024999999996
            ],
            [
              -71.04136799999999,
              42.300838999999996
            ],
            [
              -71.041313,
              42.300283
            ],
            [
              -71.041294,
              42.300098
            ],
            [
              -71.04127,
              42.300053
            ],
            [
              -71.041234,
              42.299986
            ],
            [
              -71.041198,
              42.299918
            ],
            [
              -71.041175,
              42.299873999999996
            ],
            [
              -71.040536,
              42.29867
            ],
            [
              -71.03957799999999,
              42.296867
            ],
            [
              -71.03862,
              42.295062
            ],
            [
              -71.037982,
              42.293859999999995
            ],
            [
              -71.037719,
              42.293365
            ],
            [
              -71.037324,
              42.292622
            ],
            [
              -71.036929,
              42.291878
            ],
            [
              -71.036666,
              42.291382999999996
            ],
            [
              -71.03655599999999,
              42.291176
            ],
            [
              -71.03639199999999,
              42.290866
            ],
            [
              -71.036227,
              42.290555999999995
            ],
            [
              -71.036118,
              42.29035
            ],
            [
              -71.035513,
              42.289210999999995
            ],
            [
              -71.035294,
              42.288798
            ],
            [
              -71.03717999999999,
              42.28597
            ],
            [
              -71.037818,
              42.285011999999995
            ],
            [
              -71.037894,
              42.284898
            ],
            [
              -71.03808,
              42.284752
            ],
            [
              -71.038358,
              42.284534
            ],
            [
              -71.038637,
              42.284315
            ],
            [
              -71.038823,
              42.284169999999996
            ],
            [
              -71.03885199999999,
              42.284147
            ],
            [
              -71.038895,
              42.284113999999995
            ],
            [
              -71.038939,
              42.284079
            ],
            [
              -71.038967,
              42.284057
            ],
            [
              -71.039024,
              42.284012
            ],
            [
              -71.03908,
              42.283966
            ],
            [
              -71.039175,
              42.283892
            ],
            [
              -71.039293,
              42.283798999999995
            ],
            [
              -71.039403,
              42.283621
            ],
            [
              -71.03946599999999,
              42.283519999999996
            ],
            [
              -71.039732,
              42.283100000000005
            ],
            [
              -71.040494,
              42.281898
            ],
            [
              -71.04051299999999,
              42.281832
            ],
            [
              -71.040651,
              42.281354
            ],
            [
              -71.040703,
              42.281175999999995
            ],
            [
              -71.04078,
              42.28091
            ],
            [
              -71.040857,
              42.280643
            ],
            [
              -71.040908,
              42.280466
            ],
            [
              -71.040999,
              42.280151
            ],
            [
              -71.041136,
              42.279678
            ],
            [
              -71.041273,
              42.279205
            ],
            [
              -71.041364,
              42.278891
            ],
            [
              -71.041501,
              42.278419
            ],
            [
              -71.041594,
              42.278098
            ],
            [
              -71.042433,
              42.277328999999995
            ],
            [
              -71.042782,
              42.277102
            ],
            [
              -71.043042,
              42.276893
            ],
            [
              -71.043913,
              42.276527
            ],
            [
              -71.044421,
              42.276312999999995
            ],
            [
              -71.04487999999999,
              42.276266
            ],
            [
              -71.047116,
              42.277083
            ],
            [
              -71.047602,
              42.277373
            ],
            [
              -71.048312,
              42.277766
            ],
            [
              -71.048491,
              42.277862
            ],
            [
              -71.048583,
              42.277913999999996
            ],
            [
              -71.049238,
              42.278064
            ],
            [
              -71.049802,
              42.2781
            ],
            [
              -71.051271,
              42.277926
            ],
            [
              -71.05259699999999,
              42.277668999999996
            ],
            [
              -71.05328399999999,
              42.277502
            ],
            [
              -71.05349,
              42.277425
            ],
            [
              -71.053912,
              42.277266
            ],
            [
              -71.054401,
              42.277018999999996
            ],
            [
              -71.054918,
              42.276604999999996
            ],
            [
              -71.055245,
              42.276343
            ],
            [
              -71.055467,
              42.275929999999995
            ],
            [
              -71.055585,
              42.275709
            ],
            [
              -71.05557499999999,
              42.275051999999995
            ],
            [
              -71.055388,
              42.274696
            ],
            [
              -71.05534899999999,
              42.274620999999996
            ],
            [
              -71.054996,
              42.274167999999996
            ],
            [
              -71.054102,
              42.273443
            ],
            [
              -71.054073,
              42.273396
            ],
            [
              -71.053494,
              42.272458
            ],
            [
              -71.053493,
              42.272238
            ],
            [
              -71.053507,
              42.272228999999996
            ],
            [
              -71.05360499999999,
              42.271954
            ],
            [
              -71.053691,
              42.271816
            ],
            [
              -71.05383599999999,
              42.271699
            ],
            [
              -71.054334,
              42.271366
            ],
            [
              -71.055039,
              42.270941
            ],
            [
              -71.05541099999999,
              42.270716
            ],
            [
              -71.056601,
              42.27006
            ],
            [
              -71.057892,
              42.269269
            ],
            [
              -71.058678,
              42.268786
            ],
            [
              -71.060979,
              42.267454
            ],
            [
              -71.06142299999999,
              42.267325
            ],
            [
              -71.06182799999999,
              42.267208
            ],
            [
              -71.062189,
              42.267159
            ],
            [
              -71.0626,
              42.267206
            ],
            [
              -71.062891,
              42.267286
            ],
            [
              -71.063102,
              42.267344
            ],
            [
              -71.063513,
              42.267559999999996
            ],
            [
              -71.063953,
              42.267976
            ],
            [
              -71.064104,
              42.268118
            ],
            [
              -71.064695,
              42.268606999999996
            ],
            [
              -71.064937,
              42.268971
            ],
            [
              -71.065033,
              42.269286
            ],
            [
              -71.065012,
              42.269465
            ],
            [
              -71.064825,
              42.269740999999996
            ],
            [
              -71.064784,
              42.269852
            ],
            [
              -71.064747,
              42.269954999999996
            ],
            [
              -71.064781,
              42.270167
            ],
            [
              -71.064905,
              42.270391
            ],
            [
              -71.065097,
              42.270658999999995
            ],
            [
              -71.065253,
              42.270809
            ],
            [
              -71.06528399999999,
              42.27084
            ],
            [
              -71.06545799999999,
              42.271007
            ],
            [
              -71.065769,
              42.271201
            ],
            [
              -71.066036,
              42.271268
            ],
            [
              -71.066414,
              42.271319999999996
            ],
            [
              -71.066955,
              42.271404
            ],
            [
              -71.067281,
              42.27145
            ],
            [
              -71.067522,
              42.271505
            ],
            [
              -71.06770399999999,
              42.27149
            ],
            [
              -71.06778,
              42.271421
            ],
            [
              -71.067815,
              42.271395999999996
            ],
            [
              -71.067833,
              42.271369
            ],
            [
              -71.067954,
              42.271169
            ],
            [
              -71.067973,
              42.271149
            ],
            [
              -71.06814,
              42.271
            ],
            [
              -71.068375,
              42.270827
            ],
            [
              -71.06841399999999,
              42.270806
            ],
            [
              -71.068502,
              42.270775
            ],
            [
              -71.068693,
              42.270731999999995
            ],
            [
              -71.068778,
              42.27071
            ],
            [
              -71.068845,
              42.270696
            ],
            [
              -71.069011,
              42.270662
            ],
            [
              -71.069253,
              42.270649
            ],
            [
              -71.069302,
              42.270644
            ],
            [
              -71.06945999999999,
              42.270632
            ],
            [
              -71.06971,
              42.270610999999995
            ],
            [
              -71.069784,
              42.270604999999996
            ],
            [
              -71.070415,
              42.270613
            ],
            [
              -71.070608,
              42.27063
            ],
            [
              -71.070931,
              42.270709
            ],
            [
              -71.071027,
              42.270728999999996
            ],
            [
              -71.07105,
              42.270737
            ],
            [
              -71.07120499999999,
              42.270803
            ],
            [
              -71.07134599999999,
              42.270837
            ],
            [
              -71.07168,
              42.270855
            ],
            [
              -71.07204399999999,
              42.270817
            ],
            [
              -71.072431,
              42.270686999999995
            ],
            [
              -71.07271399999999,
              42.270528
            ],
            [
              -71.072898,
              42.270382
            ],
            [
              -71.072986,
              42.27034
            ],
            [
              -71.073042,
              42.270331
            ],
            [
              -71.073131,
              42.270325
            ],
            [
              -71.07320899999999,
              42.270316
            ],
            [
              -71.07322599999999,
              42.270314
            ],
            [
              -71.073264,
              42.270317
            ],
            [
              -71.073295,
              42.270309999999995
            ],
            [
              -71.07359,
              42.270292999999995
            ],
            [
              -71.07370999999999,
              42.270286
            ],
            [
              -71.074001,
              42.270289999999996
            ],
            [
              -71.07448699999999,
              42.270317999999996
            ],
            [
              -71.074568,
              42.270316
            ],
            [
              -71.07477899999999,
              42.270309
            ],
            [
              -71.074894,
              42.270303
            ],
            [
              -71.075056,
              42.270277
            ],
            [
              -71.07524599999999,
              42.2703
            ],
            [
              -71.075631,
              42.270461
            ],
            [
              -71.076054,
              42.270523999999995
            ],
            [
              -71.076492,
              42.270509
            ],
            [
              -71.07685599999999,
              42.270455
            ],
            [
              -71.077108,
              42.270382999999995
            ],
            [
              -71.077578,
              42.270154
            ],
            [
              -71.077846,
              42.270018
            ],
            [
              -71.078158,
              42.269892
            ],
            [
              -71.07827999999999,
              42.269797
            ],
            [
              -71.07847,
              42.26965
            ],
            [
              -71.07857299999999,
              42.269605999999996
            ],
            [
              -71.078767,
              42.269574
            ],
            [
              -71.079199,
              42.269535999999995
            ],
            [
              -71.07986,
              42.269470999999996
            ],
            [
              -71.08000299999999,
              42.269464
            ],
            [
              -71.080321,
              42.269447
            ],
            [
              -71.080852,
              42.269321999999995
            ],
            [
              -71.081513,
              42.269025
            ],
            [
              -71.082241,
              42.268757
            ],
            [
              -71.082487,
              42.26867
            ],
            [
              -71.082499,
              42.268664
            ],
            [
              -71.08261399999999,
              42.268642
            ],
            [
              -71.08276099999999,
              42.268634
            ],
            [
              -71.083381,
              42.268688
            ],
            [
              -71.08424099999999,
              42.268826999999995
            ],
            [
              -71.08539499999999,
              42.269044
            ],
            [
              -71.085579,
              42.269086
            ],
            [
              -71.085723,
              42.269118999999996
            ],
            [
              -71.086722,
              42.269329
            ],
            [
              -71.08697699999999,
              42.269377999999996
            ],
            [
              -71.087631,
              42.269524
            ],
            [
              -71.087751,
              42.269555
            ],
            [
              -71.088105,
              42.269631
            ],
            [
              -71.088672,
              42.269732999999995
            ],
            [
              -71.08915,
              42.269742
            ],
            [
              -71.08917199999999,
              42.269738
            ],
            [
              -71.08940299999999,
              42.26969
            ],
            [
              -71.08950399999999,
              42.269669
            ],
            [
              -71.08982,
              42.269538999999995
            ],
            [
              -71.09003799999999,
              42.269321999999995
            ],
            [
              -71.09019099999999,
              42.269076
            ],
            [
              -71.090211,
              42.268985
            ],
            [
              -71.090153,
              42.268829
            ],
            [
              -71.089967,
              42.268415999999995
            ],
            [
              -71.089914,
              42.268239
            ],
            [
              -71.089857,
              42.268052999999995
            ],
            [
              -71.089857,
              42.267958
            ],
            [
              -71.089857,
              42.267945999999995
            ],
            [
              -71.08985899999999,
              42.267776
            ],
            [
              -71.089872,
              42.267745
            ],
            [
              -71.08998799999999,
              42.267472999999995
            ],
            [
              -71.090036,
              42.267157999999995
            ],
            [
              -71.090159,
              42.266839
            ],
            [
              -71.090238,
              42.266672
            ],
            [
              -71.09025799999999,
              42.266639
            ],
            [
              -71.090496,
              42.266552
            ],
            [
              -71.090817,
              42.26648
            ],
            [
              -71.09102299999999,
              42.266507999999995
            ],
            [
              -71.091323,
              42.266594999999995
            ],
            [
              -71.091802,
              42.266678999999996
            ],
            [
              -71.09230000000001,
              42.266732
            ],
            [
              -71.092626,
              42.266729
            ],
            [
              -71.092942,
              42.266846
            ],
            [
              -71.09312899999999,
              42.267001
            ],
            [
              -71.09340999999999,
              42.267081999999995
            ],
            [
              -71.093501,
              42.267095
            ],
            [
              -71.09373599999999,
              42.267136
            ],
            [
              -71.093908,
              42.26714
            ],
            [
              -71.093942,
              42.267137999999996
            ],
            [
              -71.09413099999999,
              42.267132
            ],
            [
              -71.094385,
              42.266991999999995
            ],
            [
              -71.094594,
              42.266793
            ],
            [
              -71.094633,
              42.266771
            ],
            [
              -71.09464799999999,
              42.26668
            ],
            [
              -71.094674,
              42.266649
            ],
            [
              -71.09470999999999,
              42.266607
            ],
            [
              -71.09477799999999,
              42.266512999999996
            ],
            [
              -71.094911,
              42.266289
            ],
            [
              -71.094956,
              42.266227
            ],
            [
              -71.09507599999999,
              42.266034999999995
            ],
            [
              -71.09525599999999,
              42.265786
            ],
            [
              -71.095449,
              42.265575
            ],
            [
              -71.095685,
              42.265350999999995
            ],
            [
              -71.09585299999999,
              42.265231
            ],
            [
              -71.096164,
              42.265004999999995
            ],
            [
              -71.096432,
              42.264737
            ],
            [
              -71.096752,
              42.264337999999995
            ],
            [
              -71.09692,
              42.263982999999996
            ],
            [
              -71.097218,
              42.263463
            ],
            [
              -71.097483,
              42.263089
            ],
            [
              -71.09774,
              42.262930999999995
            ],
            [
              -71.097899,
              42.262882
            ],
            [
              -71.09820599999999,
              42.26278
            ],
            [
              -71.09850399999999,
              42.262724
            ],
            [
              -71.09886399999999,
              42.262589999999996
            ],
            [
              -71.09911799999999,
              42.262373
            ],
            [
              -71.099571,
              42.261955
            ],
            [
              -71.099801,
              42.261768
            ],
            [
              -71.100236,
              42.261432
            ],
            [
              -71.100731,
              42.26107
            ],
            [
              -71.101055,
              42.260842
            ],
            [
              -71.101295,
              42.260675
            ],
            [
              -71.10131299999999,
              42.260664999999996
            ],
            [
              -71.10135199999999,
              42.260642999999995
            ],
            [
              -71.101423,
              42.260604
            ],
            [
              -71.10145899999999,
              42.260582
            ],
            [
              -71.10185299999999,
              42.260376
            ],
            [
              -71.102155,
              42.260191
            ],
            [
              -71.102276,
              42.260098
            ],
            [
              -71.102408,
              42.260023
            ],
            [
              -71.102691,
              42.259884
            ],
            [
              -71.103004,
              42.259785
            ],
            [
              -71.10314199999999,
              42.259752
            ],
            [
              -71.103285,
              42.25973
            ],
            [
              -71.103382,
              42.259722
            ],
            [
              -71.10343,
              42.259724999999996
            ],
            [
              -71.103606,
              42.259723
            ],
            [
              -71.103672,
              42.259723
            ],
            [
              -71.103735,
              42.259733
            ],
            [
              -71.103827,
              42.259755999999996
            ],
            [
              -71.10387399999999,
              42.259764
            ],
            [
              -71.103929,
              42.259781
            ],
            [
              -71.103963,
              42.259809999999995
            ],
            [
              -71.104062,
              42.259862
            ],
            [
              -71.10418899999999,
              42.259986
            ],
            [
              -71.104377,
              42.260203999999995
            ],
            [
              -71.104541,
              42.260469
            ],
            [
              -71.104756,
              42.260664
            ],
            [
              -71.105001,
              42.260804
            ],
            [
              -71.10526,
              42.260856
            ],
            [
              -71.105541,
              42.260872
            ],
            [
              -71.105595,
              42.260861999999996
            ],
            [
              -71.105634,
              42.260861999999996
            ],
            [
              -71.105662,
              42.260861999999996
            ],
            [
              -71.10574299999999,
              42.260863
            ],
            [
              -71.10576999999999,
              42.260863
            ],
            [
              -71.105789,
              42.260863
            ],
            [
              -71.105887,
              42.260863
            ],
            [
              -71.106079,
              42.260843
            ],
            [
              -71.106332,
              42.260798
            ],
            [
              -71.106741,
              42.260723999999996
            ],
            [
              -71.10702599999999,
              42.260678999999996
            ],
            [
              -71.107461,
              42.260652
            ],
            [
              -71.10760499999999,
              42.260674
            ],
            [
              -71.10792599999999,
              42.260788
            ],
            [
              -71.108126,
              42.260881
            ],
            [
              -71.10833699999999,
              42.261058999999996
            ],
            [
              -71.10840499999999,
              42.261116
            ],
            [
              -71.108473,
              42.261173
            ],
            [
              -71.108682,
              42.261263
            ],
            [
              -71.108954,
              42.261296
            ],
            [
              -71.10915,
              42.261294
            ],
            [
              -71.109235,
              42.261278
            ],
            [
              -71.109284,
              42.261278999999995
            ],
            [
              -71.10951399999999,
              42.261275
            ],
            [
              -71.10961,
              42.261267
            ],
            [
              -71.109848,
              42.261233999999995
            ],
            [
              -71.10998599999999,
              42.2612
            ],
            [
              -71.11008199999999,
              42.261188
            ],
            [
              -71.110224,
              42.261162999999996
            ],
            [
              -71.110325,
              42.261131999999996
            ],
            [
              -71.11046499999999,
              42.261123999999995
            ],
            [
              -71.110754,
              42.261041
            ],
            [
              -71.11110099999999,
              42.260915999999995
            ],
            [
              -71.11146,
              42.260768999999996
            ],
            [
              -71.111659,
              42.260631
            ],
            [
              -71.111867,
              42.26041
            ],
            [
              -71.112145,
              42.26004
            ],
            [
              -71.112354,
              42.259837999999995
            ],
            [
              -71.112561,
              42.259619
            ],
            [
              -71.112758,
              42.259457
            ],
            [
              -71.113005,
              42.259254999999996
            ],
            [
              -71.113276,
              42.259031
            ],
            [
              -71.113326,
              42.25899
            ],
            [
              -71.11326,
              42.258925999999995
            ],
            [
              -71.113153,
              42.258827
            ],
            [
              -71.11312199999999,
              42.258797
            ],
            [
              -71.113107,
              42.258783
            ],
            [
              -71.11300899999999,
              42.258689
            ],
            [
              -71.112951,
              42.258634
            ],
            [
              -71.11261999999999,
              42.258320999999995
            ],
            [
              -71.112577,
              42.258278
            ],
            [
              -71.11249699999999,
              42.258196999999996
            ],
            [
              -71.11246799999999,
              42.258176
            ],
            [
              -71.112433,
              42.25815
            ],
            [
              -71.11240099999999,
              42.258123
            ],
            [
              -71.112392,
              42.258116
            ],
            [
              -71.112369,
              42.25808
            ],
            [
              -71.111391,
              42.257152
            ],
            [
              -71.110858,
              42.256654
            ],
            [
              -71.11043099999999,
              42.25625
            ],
            [
              -71.109732,
              42.255589
            ],
            [
              -71.109544,
              42.255412
            ],
            [
              -71.109527,
              42.254754999999996
            ],
            [
              -71.109524,
              42.254655
            ],
            [
              -71.109501,
              42.253782
            ],
            [
              -71.109488,
              42.253327
            ],
            [
              -71.109465,
              42.25241
            ],
            [
              -71.109462,
              42.252105
            ],
            [
              -71.109428,
              42.251014
            ],
            [
              -71.10940699999999,
              42.250234
            ],
            [
              -71.109377,
              42.249120999999995
            ],
            [
              -71.109365,
              42.248551
            ],
            [
              -71.109359,
              42.248388999999996
            ],
            [
              -71.109349,
              42.248039999999996
            ],
            [
              -71.109347,
              42.24799
            ],
            [
              -71.109931,
              42.247685
            ],
            [
              -71.110286,
              42.247502999999995
            ],
            [
              -71.11093699999999,
              42.247177
            ],
            [
              -71.111777,
              42.246734
            ],
            [
              -71.112057,
              42.246584999999996
            ],
            [
              -71.11216399999999,
              42.246528999999995
            ],
            [
              -71.112614,
              42.246296
            ],
            [
              -71.112985,
              42.246103999999995
            ],
            [
              -71.11326799999999,
              42.245948
            ],
            [
              -71.113449,
              42.245863
            ],
            [
              -71.11446,
              42.245338
            ],
            [
              -71.11456299999999,
              42.245284
            ],
            [
              -71.114649,
              42.245241
            ],
            [
              -71.115071,
              42.245022
            ],
            [
              -71.115202,
              42.244955
            ],
            [
              -71.115398,
              42.244852
            ],
            [
              -71.11615499999999,
              42.24446
            ],
            [
              -71.11640899999999,
              42.244327999999996
            ],
            [
              -71.116529,
              42.244274
            ],
            [
              -71.119423,
              42.242765
            ],
            [
              -71.119644,
              42.24265
            ],
            [
              -71.119934,
              42.242501
            ],
            [
              -71.120522,
              42.242194999999995
            ],
            [
              -71.121389,
              42.241741999999995
            ],
            [
              -71.122117,
              42.241369
            ],
            [
              -71.122548,
              42.241144
            ],
            [
              -71.12567,
              42.239526999999995
            ],
            [
              -71.125802,
              42.239455
            ],
            [
              -71.12637699999999,
              42.239162
            ],
            [
              -71.126296,
              42.239063
            ],
            [
              -71.12614099999999,
              42.238918
            ],
            [
              -71.12607899999999,
              42.238794999999996
            ],
            [
              -71.126025,
              42.238699
            ],
            [
              -71.125951,
              42.238565
            ],
            [
              -71.125874,
              42.238408
            ],
            [
              -71.12576899999999,
              42.238201
            ],
            [
              -71.125704,
              42.237972
            ],
            [
              -71.125681,
              42.237901
            ],
            [
              -71.12554,
              42.237781
            ],
            [
              -71.125475,
              42.237739
            ],
            [
              -71.12538099999999,
              42.237679
            ],
            [
              -71.125242,
              42.237626
            ],
            [
              -71.125091,
              42.237566
            ],
            [
              -71.12504299999999,
              42.237549
            ],
            [
              -71.12500899999999,
              42.237536999999996
            ],
            [
              -71.124853,
              42.237476
            ],
            [
              -71.124763,
              42.237429
            ],
            [
              -71.124689,
              42.237365
            ],
            [
              -71.124612,
              42.23726
            ],
            [
              -71.124546,
              42.237148999999995
            ],
            [
              -71.12445699999999,
              42.236861
            ],
            [
              -71.124236,
              42.236546
            ],
            [
              -71.124084,
              42.236388
            ],
            [
              -71.123813,
              42.236183
            ],
            [
              -71.12347799999999,
              42.235926
            ],
            [
              -71.123339,
              42.235853
            ],
            [
              -71.12326999999999,
              42.235777999999996
            ],
            [
              -71.122965,
              42.235575999999995
            ],
            [
              -71.122755,
              42.235423999999995
            ],
            [
              -71.12267299999999,
              42.235406
            ],
            [
              -71.122638,
              42.23538
            ],
            [
              -71.122618,
              42.23531
            ],
            [
              -71.122517,
              42.235199
            ],
            [
              -71.122475,
              42.23505
            ],
            [
              -71.122464,
              42.234930999999996
            ],
            [
              -71.122484,
              42.234846999999995
            ],
            [
              -71.12256599999999,
              42.234766
            ],
            [
              -71.122581,
              42.234708
            ],
            [
              -71.122599,
              42.234643
            ],
            [
              -71.122602,
              42.234514999999995
            ],
            [
              -71.122604,
              42.234437
            ],
            [
              -71.12263999999999,
              42.234376
            ],
            [
              -71.122738,
              42.234314999999995
            ],
            [
              -71.12282499999999,
              42.234286
            ],
            [
              -71.122871,
              42.234271
            ],
            [
              -71.12289,
              42.234265
            ],
            [
              -71.12293799999999,
              42.234249
            ],
            [
              -71.123132,
              42.234231
            ],
            [
              -71.123376,
              42.234252999999995
            ],
            [
              -71.12360699999999,
              42.234289
            ],
            [
              -71.123811,
              42.234321
            ],
            [
              -71.124053,
              42.234322
            ],
            [
              -71.124234,
              42.234285
            ],
            [
              -71.12439599999999,
              42.234203
            ],
            [
              -71.124462,
              42.234161
            ],
            [
              -71.124498,
              42.234123
            ],
            [
              -71.12458699999999,
              42.234012
            ],
            [
              -71.124679,
              42.233841
            ],
            [
              -71.124719,
              42.233745
            ],
            [
              -71.124715,
              42.233641
            ],
            [
              -71.124662,
              42.233505
            ],
            [
              -71.124608,
              42.233311
            ],
            [
              -71.12453,
              42.233218
            ],
            [
              -71.124511,
              42.233157
            ],
            [
              -71.12450299999999,
              42.233093
            ],
            [
              -71.124524,
              42.232904
            ],
            [
              -71.124583,
              42.232779
            ],
            [
              -71.12474499999999,
              42.232622
            ],
            [
              -71.124848,
              42.23256
            ],
            [
              -71.124881,
              42.23254
            ],
            [
              -71.124973,
              42.232468999999995
            ],
            [
              -71.125064,
              42.232358999999995
            ],
            [
              -71.125119,
              42.232231
            ],
            [
              -71.12523,
              42.232057
            ],
            [
              -71.12535199999999,
              42.231936999999995
            ],
            [
              -71.125438,
              42.2319
            ],
            [
              -71.125477,
              42.231882
            ],
            [
              -71.125637,
              42.231873
            ],
            [
              -71.12581399999999,
              42.231868999999996
            ],
            [
              -71.125952,
              42.231817
            ],
            [
              -71.12604999999999,
              42.231756
            ],
            [
              -71.126164,
              42.231635
            ],
            [
              -71.126223,
              42.231528
            ],
            [
              -71.126389,
              42.231370999999996
            ],
            [
              -71.126609,
              42.231263999999996
            ],
            [
              -71.126781,
              42.231226
            ],
            [
              -71.126997,
              42.231227
            ],
            [
              -71.12722,
              42.231207
            ],
            [
              -71.12742,
              42.231176
            ],
            [
              -71.12753,
              42.231114999999996
            ],
            [
              -71.127644,
              42.230959
            ],
            [
              -71.127755,
              42.230781
            ],
            [
              -71.127962,
              42.230543999999995
            ],
            [
              -71.128078,
              42.230371999999996
            ],
            [
              -71.128252,
              42.230184
            ],
            [
              -71.1285,
              42.230002
            ],
            [
              -71.128676,
              42.229879
            ],
            [
              -71.12875199999999,
              42.229836
            ],
            [
              -71.12880299999999,
              42.229803
            ],
            [
              -71.128864,
              42.229721
            ],
            [
              -71.128889,
              42.229647
            ],
            [
              -71.128906,
              42.229510999999995
            ],
            [
              -71.128954,
              42.229316
            ],
            [
              -71.129068,
              42.229138999999996
            ],
            [
              -71.12920199999999,
              42.228967
            ],
            [
              -71.129356,
              42.228854999999996
            ],
            [
              -71.129459,
              42.228798
            ],
            [
              -71.129486,
              42.228781999999995
            ],
            [
              -71.129674,
              42.228753999999995
            ],
            [
              -71.12995599999999,
              42.228730999999996
            ],
            [
              -71.130101,
              42.228668
            ],
            [
              -71.130191,
              42.228595
            ],
            [
              -71.130268,
              42.228501
            ],
            [
              -71.130347,
              42.228316
            ],
            [
              -71.13052499999999,
              42.228089999999995
            ],
            [
              -71.130658,
              42.227984
            ],
            [
              -71.130749,
              42.227911
            ],
            [
              -71.130771,
              42.227926
            ],
            [
              -71.130845,
              42.227976
            ],
            [
              -71.130973,
              42.228063
            ],
            [
              -71.131112,
              42.228156999999996
            ],
            [
              -71.131209,
              42.228221999999995
            ],
            [
              -71.131305,
              42.228286999999995
            ],
            [
              -71.131469,
              42.228398
            ],
            [
              -71.131511,
              42.228426999999996
            ],
            [
              -71.131811,
              42.228629
            ],
            [
              -71.131937,
              42.228715
            ],
            [
              -71.132195,
              42.228899
            ],
            [
              -71.132434,
              42.229051
            ],
            [
              -71.13251699999999,
              42.229104
            ],
            [
              -71.132633,
              42.229185
            ],
            [
              -71.133022,
              42.229448999999995
            ],
            [
              -71.13582099999999,
              42.231339999999996
            ],
            [
              -71.136665,
              42.23191
            ],
            [
              -71.136872,
              42.23205
            ],
            [
              -71.137098,
              42.232209
            ],
            [
              -71.138052,
              42.232855
            ],
            [
              -71.138245,
              42.232980999999995
            ],
            [
              -71.138768,
              42.233336
            ],
            [
              -71.139241,
              42.23366
            ],
            [
              -71.140029,
              42.234189
            ],
            [
              -71.140948,
              42.234809999999996
            ],
            [
              -71.141592,
              42.235246
            ],
            [
              -71.14214,
              42.235616
            ],
            [
              -71.142392,
              42.235800999999995
            ],
            [
              -71.142681,
              42.235997999999995
            ],
            [
              -71.142747,
              42.236322
            ],
            [
              -71.142761,
              42.236391999999995
            ],
            [
              -71.14280099999999,
              42.236591999999995
            ],
            [
              -71.142845,
              42.236829
            ],
            [
              -71.142878,
              42.236971
            ],
            [
              -71.142996,
              42.237548
            ],
            [
              -71.14307,
              42.237908
            ],
            [
              -71.143091,
              42.238012999999995
            ],
            [
              -71.143194,
              42.238510999999995
            ],
            [
              -71.143362,
              42.239346
            ],
            [
              -71.143401,
              42.239539
            ],
            [
              -71.143427,
              42.239672
            ],
            [
              -71.14343699999999,
              42.239722
            ],
            [
              -71.143447,
              42.239775
            ],
            [
              -71.143498,
              42.240065
            ],
            [
              -71.143664,
              42.240834
            ],
            [
              -71.143812,
              42.241554
            ],
            [
              -71.143824,
              42.241614999999996
            ],
            [
              -71.143856,
              42.241772999999995
            ],
            [
              -71.143869,
              42.241841
            ],
            [
              -71.144069,
              42.242819
            ],
            [
              -71.14439399999999,
              42.244414
            ],
            [
              -71.14453499999999,
              42.245107
            ],
            [
              -71.144543,
              42.245145
            ],
            [
              -71.144553,
              42.24519
            ],
            [
              -71.144572,
              42.245284
            ],
            [
              -71.14472099999999,
              42.245992
            ],
            [
              -71.144938,
              42.247
            ],
            [
              -71.145009,
              42.247344
            ],
            [
              -71.14536799999999,
              42.249012
            ],
            [
              -71.145597,
              42.250096
            ],
            [
              -71.14612699999999,
              42.252964
            ],
            [
              -71.146306,
              42.253932999999996
            ],
            [
              -71.14639199999999,
              42.254397
            ],
            [
              -71.146615,
              42.255606
            ],
            [
              -71.146642,
              42.255755
            ],
            [
              -71.147736,
              42.256253
            ],
            [
              -71.14873399999999,
              42.256707
            ],
            [
              -71.149428,
              42.257024
            ],
            [
              -71.150386,
              42.257459999999995
            ],
            [
              -71.15158199999999,
              42.258004
            ],
            [
              -71.152118,
              42.258247
            ],
            [
              -71.152312,
              42.258336
            ],
            [
              -71.15315799999999,
              42.257909999999995
            ],
            [
              -71.154213,
              42.257372
            ],
            [
              -71.15522399999999,
              42.256858
            ],
            [
              -71.155958,
              42.256485
            ],
            [
              -71.15628099999999,
              42.256322
            ],
            [
              -71.156699,
              42.256108999999995
            ],
            [
              -71.157394,
              42.255756999999996
            ],
            [
              -71.158129,
              42.255385
            ],
            [
              -71.15829699999999,
              42.255299
            ],
            [
              -71.15858399999999,
              42.255154999999995
            ],
            [
              -71.16042399999999,
              42.256625
            ],
            [
              -71.16082399999999,
              42.256949
            ],
            [
              -71.16099,
              42.257082
            ],
            [
              -71.161559,
              42.257542
            ],
            [
              -71.161574,
              42.257546
            ],
            [
              -71.161666,
              42.257629
            ],
            [
              -71.163016,
              42.258717999999995
            ],
            [
              -71.16313099999999,
              42.258811
            ],
            [
              -71.163393,
              42.259023
            ],
            [
              -71.164857,
              42.260180999999996
            ],
            [
              -71.166477,
              42.261469
            ],
            [
              -71.16686399999999,
              42.261776999999995
            ],
            [
              -71.166992,
              42.261877999999996
            ],
            [
              -71.16722299999999,
              42.262062
            ],
            [
              -71.16739299999999,
              42.262197
            ],
            [
              -71.168368,
              42.262972999999995
            ],
            [
              -71.16849599999999,
              42.263073999999996
            ],
            [
              -71.168604,
              42.26316
            ],
            [
              -71.168748,
              42.263273999999996
            ],
            [
              -71.170662,
              42.264814
            ],
            [
              -71.17102799999999,
              42.26511
            ],
            [
              -71.171048,
              42.265125
            ],
            [
              -71.17120899999999,
              42.265254999999996
            ],
            [
              -71.171322,
              42.265346
            ],
            [
              -71.171323,
              42.265691
            ],
            [
              -71.171379,
              42.265905
            ],
            [
              -71.171437,
              42.265989999999995
            ],
            [
              -71.17154099999999,
              42.266141999999995
            ],
            [
              -71.171695,
              42.266278
            ],
            [
              -71.171796,
              42.266332999999996
            ],
            [
              -71.171832,
              42.266346999999996
            ],
            [
              -71.172016,
              42.266393
            ],
            [
              -71.17210399999999,
              42.266424
            ],
            [
              -71.17214899999999,
              42.266436
            ],
            [
              -71.17242499999999,
              42.266507
            ],
            [
              -71.172465,
              42.266515999999996
            ],
            [
              -71.172795,
              42.266543999999996
            ],
            [
              -71.173158,
              42.266619
            ],
            [
              -71.173182,
              42.266625999999995
            ],
            [
              -71.17332999999999,
              42.266645
            ],
            [
              -71.17356,
              42.266704999999995
            ],
            [
              -71.173689,
              42.266756
            ],
            [
              -71.173902,
              42.266875999999996
            ],
            [
              -71.173924,
              42.266889
            ],
            [
              -71.174154,
              42.267021
            ],
            [
              -71.174317,
              42.267179
            ],
            [
              -71.174441,
              42.267343
            ],
            [
              -71.174526,
              42.267607999999996
            ],
            [
              -71.17457999999999,
              42.267824
            ],
            [
              -71.174596,
              42.267894
            ],
            [
              -71.174605,
              42.268073
            ],
            [
              -71.174602,
              42.268136
            ],
            [
              -71.174609,
              42.268373
            ],
            [
              -71.17450099999999,
              42.268651
            ],
            [
              -71.17431499999999,
              42.268854999999995
            ],
            [
              -71.17428799999999,
              42.268885
            ],
            [
              -71.174162,
              42.268994
            ],
            [
              -71.17381499999999,
              42.269245
            ],
            [
              -71.173661,
              42.269334
            ],
            [
              -71.173559,
              42.26941
            ],
            [
              -71.173529,
              42.269438
            ],
            [
              -71.17347699999999,
              42.269498
            ],
            [
              -71.173424,
              42.269569
            ],
            [
              -71.173216,
              42.269777
            ],
            [
              -71.173022,
              42.270026
            ],
            [
              -71.172964,
              42.270133
            ],
            [
              -71.17295299999999,
              42.270298
            ],
            [
              -71.172991,
              42.270434
            ],
            [
              -71.173154,
              42.270669999999996
            ],
            [
              -71.17318399999999,
              42.270699
            ],
            [
              -71.17334199999999,
              42.270849
            ],
            [
              -71.173412,
              42.270913
            ],
            [
              -71.17352699999999,
              42.271114
            ],
            [
              -71.173583,
              42.271415
            ],
            [
              -71.173598,
              42.271449
            ],
            [
              -71.173616,
              42.271471
            ],
            [
              -71.173706,
              42.271693
            ],
            [
              -71.173859,
              42.271986999999996
            ],
            [
              -71.17403999999999,
              42.272265999999995
            ],
            [
              -71.17432699999999,
              42.272617
            ],
            [
              -71.174613,
              42.273012
            ],
            [
              -71.17475,
              42.273322
            ],
            [
              -71.17482199999999,
              42.27353
            ],
            [
              -71.174847,
              42.273728999999996
            ],
            [
              -71.174857,
              42.273809
            ],
            [
              -71.17484499999999,
              42.274059
            ],
            [
              -71.174825,
              42.274201
            ],
            [
              -71.17482,
              42.274218999999995
            ],
            [
              -71.17477199999999,
              42.27433
            ],
            [
              -71.174611,
              42.274578999999996
            ],
            [
              -71.17451299999999,
              42.274781
            ],
            [
              -71.174418,
              42.275042
            ],
            [
              -71.174438,
              42.275299
            ],
            [
              -71.17446799999999,
              42.275372
            ],
            [
              -71.17451,
              42.275472
            ],
            [
              -71.174565,
              42.275576
            ],
            [
              -71.174605,
              42.275663
            ],
            [
              -71.174764,
              42.275842
            ],
            [
              -71.174972,
              42.276004
            ],
            [
              -71.175444,
              42.276243
            ],
            [
              -71.175932,
              42.276464999999995
            ],
            [
              -71.17636399999999,
              42.276644999999995
            ],
            [
              -71.17678099999999,
              42.276799
            ],
            [
              -71.176924,
              42.276837
            ],
            [
              -71.177109,
              42.276858999999995
            ],
            [
              -71.177461,
              42.276868
            ],
            [
              -71.178553,
              42.27671
            ],
            [
              -71.17913899999999,
              42.276599
            ],
            [
              -71.179765,
              42.276486999999996
            ],
            [
              -71.180407,
              42.27637
            ],
            [
              -71.181242,
              42.276205999999995
            ],
            [
              -71.182495,
              42.275966
            ],
            [
              -71.18278,
              42.27588
            ],
            [
              -71.182895,
              42.275853
            ],
            [
              -71.183048,
              42.275853
            ],
            [
              -71.183159,
              42.275912999999996
            ],
            [
              -71.183257,
              42.275993
            ],
            [
              -71.183493,
              42.276396999999996
            ],
            [
              -71.18378799999999,
              42.276903
            ],
            [
              -71.183864,
              42.277028
            ],
            [
              -71.183888,
              42.277069
            ],
            [
              -71.18392899999999,
              42.277139999999996
            ],
            [
              -71.18454799999999,
              42.278197
            ],
            [
              -71.184653,
              42.278375
            ],
            [
              -71.184776,
              42.278583999999995
            ],
            [
              -71.184952,
              42.278883
            ],
            [
              -71.185002,
              42.278969
            ],
            [
              -71.185036,
              42.279028
            ],
            [
              -71.185057,
              42.279075999999996
            ],
            [
              -71.1851,
              42.279137
            ],
            [
              -71.185248,
              42.27939
            ],
            [
              -71.18529199999999,
              42.279466
            ],
            [
              -71.185307,
              42.279497
            ],
            [
              -71.185316,
              42.27952
            ],
            [
              -71.185357,
              42.279590999999996
            ],
            [
              -71.185423,
              42.279641
            ],
            [
              -71.18551099999999,
              42.279682
            ],
            [
              -71.18599,
              42.279771
            ],
            [
              -71.18706,
              42.280034
            ],
            [
              -71.187112,
              42.280051
            ],
            [
              -71.187184,
              42.280055999999995
            ],
            [
              -71.187231,
              42.280063999999996
            ],
            [
              -71.187452,
              42.280141
            ],
            [
              -71.18777299999999,
              42.280227
            ],
            [
              -71.187995,
              42.280327
            ],
            [
              -71.188022,
              42.280339
            ],
            [
              -71.18809499999999,
              42.280376
            ],
            [
              -71.18816699999999,
              42.280412
            ],
            [
              -71.188212,
              42.280438
            ],
            [
              -71.18831999999999,
              42.2805
            ],
            [
              -71.188396,
              42.280556
            ],
            [
              -71.188662,
              42.280699
            ],
            [
              -71.189084,
              42.280908
            ],
            [
              -71.189529,
              42.281116999999995
            ],
            [
              -71.18992999999999,
              42.281289
            ],
            [
              -71.190252,
              42.281498
            ],
            [
              -71.19051,
              42.281648
            ],
            [
              -71.190753,
              42.281839999999995
            ],
            [
              -71.190974,
              42.282123999999996
            ],
            [
              -71.191131,
              42.282364
            ],
            [
              -71.19122999999999,
              42.282652
            ],
            [
              -71.19124699999999,
              42.282992
            ],
            [
              -71.191234,
              42.283001999999996
            ]
          ]
        ]
      }
    },
    {
      "type": "Feature",
      "properties": {
        "name": "Lowell",
        "full_name": "Lowell city",
        "gateway_city": true,
        "work_type": "Gateway Cities"
      },
      "geometry": {
        "type": "Polygon",
        "coordinates": [
          [
            [
              -71.382491,
              42.652494
            ],
            [
              -71.38247199999999,
              42.652543
            ],
            [
              -71.382479,
              42.652558
            ],
            [
              -71.382474,
              42.652771
            ],
            [
              -71.382175,
              42.653324999999995
            ],
            [
              -71.381362,
              42.65484
            ],
            [
              -71.38018199999999,
              42.657019
            ],
            [
              -71.37903299999999,
              42.659143
            ],
            [
              -71.378804,
              42.659565
            ],
            [
              -71.378545,
              42.660044
            ],
            [
              -71.378407,
              42.6603
            ],
            [
              -71.378204,
              42.660686999999996
            ],
            [
              -71.375016,
              42.661048
            ],
            [
              -71.369659,
              42.661657
            ],
            [
              -71.368989,
              42.661730999999996
            ],
            [
              -71.368882,
              42.661753
            ],
            [
              -71.36623399999999,
              42.660052
            ],
            [
              -71.36480399999999,
              42.659133
            ],
            [
              -71.360935,
              42.656647
            ],
            [
              -71.357624,
              42.654519
            ],
            [
              -71.357523,
              42.654454
            ],
            [
              -71.348401,
              42.656352
            ],
            [
              -71.348068,
              42.656424
            ],
            [
              -71.346301,
              42.656791999999996
            ],
            [
              -71.346041,
              42.656847
            ],
            [
              -71.345939,
              42.656867
            ],
            [
              -71.344273,
              42.657215
            ],
            [
              -71.343306,
              42.657416
            ],
            [
              -71.342822,
              42.657517
            ],
            [
              -71.341801,
              42.657728999999996
            ],
            [
              -71.34092,
              42.657913
            ],
            [
              -71.340403,
              42.658021
            ],
            [
              -71.33927,
              42.658257
            ],
            [
              -71.338836,
              42.658348
            ],
            [
              -71.338258,
              42.658468
            ],
            [
              -71.33777599999999,
              42.658567
            ],
            [
              -71.33711,
              42.658705999999995
            ],
            [
              -71.335792,
              42.658981
            ],
            [
              -71.335467,
              42.659048
            ],
            [
              -71.335342,
              42.659071
            ],
            [
              -71.33460099999999,
              42.659228
            ],
            [
              -71.334338,
              42.659286
            ],
            [
              -71.33333999999999,
              42.65949
            ],
            [
              -71.33270999999999,
              42.659622
            ],
            [
              -71.332347,
              42.659696
            ],
            [
              -71.33147799999999,
              42.659879
            ],
            [
              -71.331324,
              42.659909
            ],
            [
              -71.330326,
              42.660121
            ],
            [
              -71.329544,
              42.660281
            ],
            [
              -71.32936099999999,
              42.660319
            ],
            [
              -71.32840399999999,
              42.66052
            ],
            [
              -71.327889,
              42.660629
            ],
            [
              -71.327207,
              42.660773
            ],
            [
              -71.325311,
              42.661165
            ],
            [
              -71.324339,
              42.661370999999995
            ],
            [
              -71.323038,
              42.661631
            ],
            [
              -71.322406,
              42.661764999999995
            ],
            [
              -71.322191,
              42.661809
            ],
            [
              -71.321962,
              42.661857999999995
            ],
            [
              -71.321382,
              42.66198
            ],
            [
              -71.319131,
              42.662442
            ],
            [
              -71.318882,
              42.662493999999995
            ],
            [
              -71.318004,
              42.662682
            ],
            [
              -71.317261,
              42.662841
            ],
            [
              -71.31635399999999,
              42.663025999999995
            ],
            [
              -71.316018,
              42.663095
            ],
            [
              -71.315494,
              42.663201
            ],
            [
              -71.314712,
              42.663368999999996
            ],
            [
              -71.313276,
              42.663666
            ],
            [
              -71.312315,
              42.663875999999995
            ],
            [
              -71.310958,
              42.664147
            ],
            [
              -71.310496,
              42.664248
            ],
            [
              -71.308658,
              42.664626
            ],
            [
              -71.307641,
              42.664828
            ],
            [
              -71.30757299999999,
              42.664851
            ],
            [
              -71.306135,
              42.665167
            ],
            [
              -71.305753,
              42.665234999999996
            ],
            [
              -71.305719,
              42.665242
            ],
            [
              -71.30560299999999,
              42.665268999999995
            ],
            [
              -71.304482,
              42.665498
            ],
            [
              -71.30354299999999,
              42.665689
            ],
            [
              -71.303372,
              42.665724
            ],
            [
              -71.302545,
              42.665897
            ],
            [
              -71.30246,
              42.665915
            ],
            [
              -71.300639,
              42.666292999999996
            ],
            [
              -71.299782,
              42.666471
            ],
            [
              -71.299606,
              42.666506999999996
            ],
            [
              -71.29956899999999,
              42.666515
            ],
            [
              -71.299509,
              42.666430999999996
            ],
            [
              -71.298942,
              42.665644
            ],
            [
              -71.298572,
              42.665118
            ],
            [
              -71.297977,
              42.664297999999995
            ],
            [
              -71.297466,
              42.663592
            ],
            [
              -71.296808,
              42.662668
            ],
            [
              -71.296387,
              42.662078
            ],
            [
              -71.296063,
              42.661640999999996
            ],
            [
              -71.294264,
              42.65914
            ],
            [
              -71.292816,
              42.657117
            ],
            [
              -71.29226,
              42.656341999999995
            ],
            [
              -71.291654,
              42.655508999999995
            ],
            [
              -71.291573,
              42.655398
            ],
            [
              -71.291428,
              42.655198999999996
            ],
            [
              -71.29108,
              42.654717999999995
            ],
            [
              -71.290707,
              42.654188
            ],
            [
              -71.289705,
              42.652801
            ],
            [
              -71.288032,
              42.650476999999995
            ],
            [
              -71.28786699999999,
              42.650248
            ],
            [
              -71.28758599999999,
              42.649862
            ],
            [
              -71.28750000000001,
              42.649747
            ],
            [
              -71.28716399999999,
              42.649287
            ],
            [
              -71.28685999999999,
              42.648868
            ],
            [
              -71.286486,
              42.649173999999995
            ],
            [
              -71.286011,
              42.649558999999996
            ],
            [
              -71.285405,
              42.650048
            ],
            [
              -71.283715,
              42.651427
            ],
            [
              -71.283273,
              42.651787
            ],
            [
              -71.28246399999999,
              42.652446
            ],
            [
              -71.28172099999999,
              42.653051
            ],
            [
              -71.280963,
              42.653667
            ],
            [
              -71.28053,
              42.654018
            ],
            [
              -71.280406,
              42.65412
            ],
            [
              -71.28013,
              42.654289
            ],
            [
              -71.280042,
              42.654342
            ],
            [
              -71.27953099999999,
              42.654582
            ],
            [
              -71.279242,
              42.654709
            ],
            [
              -71.27870899999999,
              42.654941
            ],
            [
              -71.278397,
              42.655071
            ],
            [
              -71.277749,
              42.655339999999995
            ],
            [
              -71.276783,
              42.655682
            ],
            [
              -71.276153,
              42.655904
            ],
            [
              -71.275154,
              42.656216
            ],
            [
              -71.27509599999999,
              42.656092
            ],
            [
              -71.275003,
              42.655895
            ],
            [
              -71.274681,
              42.65524
            ],
            [
              -71.273667,
              42.653008
            ],
            [
              -71.272927,
              42.651345
            ],
            [
              -71.272702,
              42.650852
            ],
            [
              -71.272496,
              42.65036
            ],
            [
              -71.272218,
              42.649695
            ],
            [
              -71.272133,
              42.649491999999995
            ],
            [
              -71.272048,
              42.649288
            ],
            [
              -71.272018,
              42.649215999999996
            ],
            [
              -71.27196099999999,
              42.648987999999996
            ],
            [
              -71.271907,
              42.648785
            ],
            [
              -71.27171899999999,
              42.648064999999995
            ],
            [
              -71.27170699999999,
              42.648018
            ],
            [
              -71.27169099999999,
              42.646391
            ],
            [
              -71.271682,
              42.646305
            ],
            [
              -71.27155499999999,
              42.646190999999995
            ],
            [
              -71.27146499999999,
              42.646111
            ],
            [
              -71.271446,
              42.646091999999996
            ],
            [
              -71.271188,
              42.644242
            ],
            [
              -71.271269,
              42.643895
            ],
            [
              -71.271997,
              42.640706
            ],
            [
              -71.272254,
              42.639584
            ],
            [
              -71.27276599999999,
              42.637341
            ],
            [
              -71.272845,
              42.636998999999996
            ],
            [
              -71.273152,
              42.635655
            ],
            [
              -71.273763,
              42.632984
            ],
            [
              -71.27429099999999,
              42.630677
            ],
            [
              -71.27435299999999,
              42.630404
            ],
            [
              -71.274374,
              42.630302
            ],
            [
              -71.274709,
              42.628859
            ],
            [
              -71.275742,
              42.626148
            ],
            [
              -71.275852,
              42.625869
            ],
            [
              -71.276083,
              42.625268
            ],
            [
              -71.27642,
              42.624396999999995
            ],
            [
              -71.277017,
              42.622848999999995
            ],
            [
              -71.277136,
              42.622544
            ],
            [
              -71.27775,
              42.620953
            ],
            [
              -71.277791,
              42.620847
            ],
            [
              -71.277844,
              42.620794
            ],
            [
              -71.27802799999999,
              42.620613999999996
            ],
            [
              -71.279552,
              42.619113999999996
            ],
            [
              -71.279729,
              42.618941
            ],
            [
              -71.280309,
              42.618369
            ],
            [
              -71.280976,
              42.617714
            ],
            [
              -71.282271,
              42.616437999999995
            ],
            [
              -71.282746,
              42.615969
            ],
            [
              -71.28275599999999,
              42.615959
            ],
            [
              -71.28281199999999,
              42.615904
            ],
            [
              -71.283346,
              42.615378
            ],
            [
              -71.283427,
              42.615299
            ],
            [
              -71.285336,
              42.614912
            ],
            [
              -71.287328,
              42.614508
            ],
            [
              -71.289064,
              42.614141
            ],
            [
              -71.28961699999999,
              42.614036
            ],
            [
              -71.29184599999999,
              42.61358
            ],
            [
              -71.29208299999999,
              42.613532
            ],
            [
              -71.293194,
              42.613305
            ],
            [
              -71.29429499999999,
              42.61308
            ],
            [
              -71.295352,
              42.612863999999995
            ],
            [
              -71.29627099999999,
              42.612674999999996
            ],
            [
              -71.296294,
              42.612671
            ],
            [
              -71.296319,
              42.612666999999995
            ],
            [
              -71.296348,
              42.612677999999995
            ],
            [
              -71.29642,
              42.612713
            ],
            [
              -71.296807,
              42.612904
            ],
            [
              -71.296976,
              42.612984999999995
            ],
            [
              -71.297028,
              42.613011
            ],
            [
              -71.296961,
              42.613265
            ],
            [
              -71.296872,
              42.613577
            ],
            [
              -71.296778,
              42.613774
            ],
            [
              -71.296639,
              42.614005999999996
            ],
            [
              -71.29647,
              42.614273
            ],
            [
              -71.29635499999999,
              42.614461999999996
            ],
            [
              -71.296205,
              42.614683
            ],
            [
              -71.296375,
              42.614675999999996
            ],
            [
              -71.296868,
              42.614650999999995
            ],
            [
              -71.297011,
              42.614644
            ],
            [
              -71.298678,
              42.614564
            ],
            [
              -71.300197,
              42.614491
            ],
            [
              -71.301412,
              42.614433
            ],
            [
              -71.302206,
              42.614394999999995
            ],
            [
              -71.30323,
              42.614345
            ],
            [
              -71.305061,
              42.614256999999995
            ],
            [
              -71.30574299999999,
              42.614225
            ],
            [
              -71.306299,
              42.614197999999995
            ],
            [
              -71.306432,
              42.614191
            ],
            [
              -71.307157,
              42.614157
            ],
            [
              -71.307222,
              42.614152999999995
            ],
            [
              -71.307366,
              42.614146
            ],
            [
              -71.309321,
              42.614053
            ],
            [
              -71.31089899999999,
              42.613977
            ],
            [
              -71.311836,
              42.613932
            ],
            [
              -71.312908,
              42.613881
            ],
            [
              -71.31508099999999,
              42.613775
            ],
            [
              -71.31638199999999,
              42.613713
            ],
            [
              -71.316774,
              42.613693999999995
            ],
            [
              -71.316851,
              42.61369
            ],
            [
              -71.316872,
              42.613689
            ],
            [
              -71.316907,
              42.613687
            ],
            [
              -71.317745,
              42.613647
            ],
            [
              -71.31930899999999,
              42.613572
            ],
            [
              -71.319189,
              42.612187
            ],
            [
              -71.31913,
              42.611478
            ],
            [
              -71.31911699999999,
              42.611314
            ],
            [
              -71.319081,
              42.610878
            ],
            [
              -71.31904,
              42.610405
            ],
            [
              -71.318961,
              42.609472
            ],
            [
              -71.318882,
              42.608543999999995
            ],
            [
              -71.318972,
              42.608398
            ],
            [
              -71.31898699999999,
              42.608374999999995
            ],
            [
              -71.319085,
              42.608219
            ],
            [
              -71.31918399999999,
              42.608061
            ],
            [
              -71.319278,
              42.60791
            ],
            [
              -71.319631,
              42.607347999999995
            ],
            [
              -71.319897,
              42.6069
            ],
            [
              -71.320263,
              42.606859
            ],
            [
              -71.320494,
              42.606826
            ],
            [
              -71.32065899999999,
              42.606814
            ],
            [
              -71.321482,
              42.60671
            ],
            [
              -71.322215,
              42.606621
            ],
            [
              -71.322638,
              42.606575
            ],
            [
              -71.322743,
              42.606567
            ],
            [
              -71.323341,
              42.60649
            ],
            [
              -71.32355,
              42.606978
            ],
            [
              -71.323681,
              42.607275
            ],
            [
              -71.32373,
              42.607392999999995
            ],
            [
              -71.323788,
              42.607521999999996
            ],
            [
              -71.323807,
              42.607568
            ],
            [
              -71.323842,
              42.607648
            ],
            [
              -71.323859,
              42.607686
            ],
            [
              -71.32391299999999,
              42.607813
            ],
            [
              -71.32394099999999,
              42.607875
            ],
            [
              -71.324105,
              42.608253
            ],
            [
              -71.324173,
              42.608408
            ],
            [
              -71.32433999999999,
              42.608793999999996
            ],
            [
              -71.324406,
              42.608944
            ],
            [
              -71.32477399999999,
              42.609791
            ],
            [
              -71.32494299999999,
              42.610178999999995
            ],
            [
              -71.325335,
              42.611083
            ],
            [
              -71.325408,
              42.611250999999996
            ],
            [
              -71.32527,
              42.61136
            ],
            [
              -71.325277,
              42.611377
            ],
            [
              -71.325193,
              42.611428
            ],
            [
              -71.324975,
              42.611601
            ],
            [
              -71.325051,
              42.61177
            ],
            [
              -71.325514,
              42.612836
            ],
            [
              -71.325535,
              42.612885999999996
            ],
            [
              -71.32555099999999,
              42.612922999999995
            ],
            [
              -71.325654,
              42.613163
            ],
            [
              -71.325698,
              42.613264
            ],
            [
              -71.32656,
              42.613223
            ],
            [
              -71.3274,
              42.613181999999995
            ],
            [
              -71.327439,
              42.613181
            ],
            [
              -71.327539,
              42.613177
            ],
            [
              -71.32768999999999,
              42.613169
            ],
            [
              -71.327936,
              42.613155
            ],
            [
              -71.328003,
              42.613201
            ],
            [
              -71.328046,
              42.613231
            ],
            [
              -71.328079,
              42.613253
            ],
            [
              -71.32838,
              42.613465
            ],
            [
              -71.328738,
              42.613709
            ],
            [
              -71.328774,
              42.613732999999996
            ],
            [
              -71.328834,
              42.613774
            ],
            [
              -71.32905699999999,
              42.613859999999995
            ],
            [
              -71.329328,
              42.613985
            ],
            [
              -71.329426,
              42.614024
            ],
            [
              -71.32945099999999,
              42.614031999999995
            ],
            [
              -71.32965399999999,
              42.6141
            ],
            [
              -71.329685,
              42.614109
            ],
            [
              -71.330019,
              42.614239999999995
            ],
            [
              -71.33015999999999,
              42.614295
            ],
            [
              -71.330472,
              42.614416999999996
            ],
            [
              -71.330942,
              42.614601
            ],
            [
              -71.332056,
              42.615038999999996
            ],
            [
              -71.336195,
              42.616662
            ],
            [
              -71.336896,
              42.616937
            ],
            [
              -71.33795099999999,
              42.617351
            ],
            [
              -71.339422,
              42.617926999999995
            ],
            [
              -71.340954,
              42.618528
            ],
            [
              -71.341228,
              42.618635999999995
            ],
            [
              -71.341432,
              42.618716
            ],
            [
              -71.34217199999999,
              42.619006
            ],
            [
              -71.342466,
              42.619121
            ],
            [
              -71.34270099999999,
              42.619212999999995
            ],
            [
              -71.342938,
              42.619305999999995
            ],
            [
              -71.34306,
              42.619354
            ],
            [
              -71.34316299999999,
              42.619394
            ],
            [
              -71.34323499999999,
              42.619423
            ],
            [
              -71.34386099999999,
              42.619668
            ],
            [
              -71.34392,
              42.619690999999996
            ],
            [
              -71.343952,
              42.619704
            ],
            [
              -71.343988,
              42.619718
            ],
            [
              -71.34582499999999,
              42.620438
            ],
            [
              -71.346104,
              42.620548
            ],
            [
              -71.346383,
              42.620657
            ],
            [
              -71.346665,
              42.620767
            ],
            [
              -71.346775,
              42.62081
            ],
            [
              -71.348631,
              42.621539
            ],
            [
              -71.350037,
              42.62209
            ],
            [
              -71.351799,
              42.622777
            ],
            [
              -71.356915,
              42.624784999999996
            ],
            [
              -71.358413,
              42.625372
            ],
            [
              -71.358494,
              42.625403999999996
            ],
            [
              -71.359076,
              42.625631999999996
            ],
            [
              -71.359943,
              42.625972
            ],
            [
              -71.360767,
              42.627981
            ],
            [
              -71.361173,
              42.628972
            ],
            [
              -71.361536,
              42.629853
            ],
            [
              -71.361721,
              42.630303999999995
            ],
            [
              -71.362315,
              42.631752999999996
            ],
            [
              -71.36256,
              42.632349
            ],
            [
              -71.36279499999999,
              42.632922
            ],
            [
              -71.362939,
              42.633271
            ],
            [
              -71.36304299999999,
              42.633536
            ],
            [
              -71.363103,
              42.633677
            ],
            [
              -71.36366799999999,
              42.635064
            ],
            [
              -71.36384699999999,
              42.635461
            ],
            [
              -71.364279,
              42.636551
            ],
            [
              -71.364345,
              42.636697999999996
            ],
            [
              -71.364415,
              42.636872
            ],
            [
              -71.364732,
              42.637581999999995
            ],
            [
              -71.364738,
              42.637598
            ],
            [
              -71.364954,
              42.637558999999996
            ],
            [
              -71.365561,
              42.637471999999995
            ],
            [
              -71.36600299999999,
              42.637429
            ],
            [
              -71.36658299999999,
              42.637408
            ],
            [
              -71.367024,
              42.637391
            ],
            [
              -71.367682,
              42.637412
            ],
            [
              -71.368479,
              42.637462
            ],
            [
              -71.36899199999999,
              42.637522
            ],
            [
              -71.36927399999999,
              42.637556
            ],
            [
              -71.369495,
              42.637583
            ],
            [
              -71.370098,
              42.637730999999995
            ],
            [
              -71.370656,
              42.637851999999995
            ],
            [
              -71.370725,
              42.637875
            ],
            [
              -71.371314,
              42.63807
            ],
            [
              -71.37206499999999,
              42.638355999999995
            ],
            [
              -71.372824,
              42.638706
            ],
            [
              -71.373025,
              42.638805999999995
            ],
            [
              -71.374252,
              42.639419
            ],
            [
              -71.374506,
              42.639541
            ],
            [
              -71.374521,
              42.639548
            ],
            [
              -71.374735,
              42.639719
            ],
            [
              -71.375059,
              42.640021999999995
            ],
            [
              -71.375587,
              42.640516999999996
            ],
            [
              -71.375935,
              42.640902
            ],
            [
              -71.376221,
              42.641259
            ],
            [
              -71.376524,
              42.641717
            ],
            [
              -71.376673,
              42.641968
            ],
            [
              -71.376744,
              42.642086
            ],
            [
              -71.377115,
              42.642697
            ],
            [
              -71.377414,
              42.643381
            ],
            [
              -71.377842,
              42.64432
            ],
            [
              -71.378136,
              42.645119
            ],
            [
              -71.378258,
              42.645454
            ],
            [
              -71.378599,
              42.646308999999995
            ],
            [
              -71.378901,
              42.646952999999996
            ],
            [
              -71.37910699999999,
              42.647396
            ],
            [
              -71.379463,
              42.647901
            ],
            [
              -71.379751,
              42.648230999999996
            ],
            [
              -71.380144,
              42.648547
            ],
            [
              -71.380318,
              42.648669999999996
            ],
            [
              -71.380687,
              42.648914
            ],
            [
              -71.38071699999999,
              42.648925999999996
            ],
            [
              -71.38092,
              42.649007999999995
            ],
            [
              -71.380374,
              42.649877
            ],
            [
              -71.380279,
              42.650017
            ],
            [
              -71.38026599999999,
              42.650166
            ],
            [
              -71.380247,
              42.65036
            ],
            [
              -71.380316,
              42.650515999999996
            ],
            [
              -71.380354,
              42.650600000000004
            ],
            [
              -71.38036,
              42.650611999999995
            ],
            [
              -71.38042999999999,
              42.6507
            ],
            [
              -71.38053099999999,
              42.65086
            ],
            [
              -71.380552,
              42.650873
            ],
            [
              -71.38063,
              42.650932999999995
            ],
            [
              -71.380641,
              42.650939
            ],
            [
              -71.380853,
              42.651
            ],
            [
              -71.381106,
              42.651157
            ],
            [
              -71.381511,
              42.65144
            ],
            [
              -71.381965,
              42.651726
            ],
            [
              -71.382026,
              42.651758
            ],
            [
              -71.382145,
              42.651815
            ],
            [
              -71.38224,
              42.651877
            ],
            [
              -71.382301,
              42.651956
            ],
            [
              -71.382324,
              42.652063
            ],
            [
              -71.382352,
              42.652162
            ],
            [
              -71.38247799999999,
              42.652398999999996
            ],
            [
              -71.382491,
              42.652494
            ]
          ]
        ]
      }
    }
  ]
}